timestamp,symbol,atr,atr_percent,trend_direction,trend_strength,volatility_regime,volume_regime,rsi,ema_trend,price_range_pct,logged_at
2026-06-03T13:30:00.185791+00:00,EURUSD,0.0004907142857143284,0.042286551399399235,DOWN,0.005125356640082967,LOW,MEDIUM,50,DOWN,0.000861734671900169,2026-06-03T13:30:00.185791+00:00
timestamp,symbol,atr,atr_percent,trend_direction,trend_strength,volatility_regime,volume_regime,rsi,ema_trend,price_range_pct,logged_at
2026-06-03T13:30:00.184690+00:00,XAUUSD,8.95071428571425,0.20120701730948679,DOWN,0.015830915694173,LOW,MEDIUM,50,DOWN,0.02202984819637301,2026-06-03T13:30:00.184690+00:00
2026-06-03T13:30:00.185791+00:00,NAS100,42.0249999999999,0.1374423780393077,UP,0.017327701618512478,LOW,MEDIUM,50,UP,0.0680262097136825,2026-06-03T13:30:00.185791+00:00
2026-06-03T13:44:30.800373+00:00,XAUUSD,10.517142857142842,0.2373778166851258,DOWN,0.01816605419745782,LOW,MEDIUM,50,DOWN,0.5170915574815941,2026-06-03T13:44:30.800373+00:00
2026-06-03T13:44:30.800373+00:00,BTCUSD,254.5,0.381948613278905,DOWN,0.008112678102577792,LOW,MEDIUM,50,DOWN,0.7751530796013927,2026-06-03T13:44:30.800373+00:00
2026-06-03T13:44:30.801385+00:00,SP500,5.264285714285767,0.06940389867219204,DOWN,0.004679849527076857,LOW,MEDIUM,50,DOWN,0.2504943968358602,2026-06-03T13:44:30.801385+00:00
2026-06-03T13:45:00.020585+00:00,SP500,5.35571428571432,0.07063815515522917,DOWN,0.0061377788682674935,LOW,MEDIUM,50,DOWN,0.009232514277421467,2026-06-03T13:45:00.020585+00:00
2026-06-03T13:45:00.020585+00:00,BTCUSD,244.25,0.3664666166541636,DOWN,0.010097179055470775,LOW,MEDIUM,50,DOWN,0.025506376594148533,2026-06-03T13:45:00.020585+00:00
2026-06-03T13:45:00.021599+00:00,XAUUSD,10.036428571428653,0.22669923589240726,DOWN,0.021427562216093134,LOW,MEDIUM,50,DOWN,0.010842067220827452,2026-06-03T13:45:00.021599+00:00
2026-06-03T14:00:00.157459+00:00,XAUUSD,11.190000000000055,0.25170276130750596,DOWN,0.01917687841003541,LOW,MEDIUM,50,DOWN,0.05353463555959685,2026-06-03T14:00:00.157459+00:00
2026-06-03T14:00:00.157459+00:00,BTCUSD,255.89285714285714,0.38313049429983104,DOWN,0.009611260467524144,LOW,MEDIUM,50,DOWN,0.005988920497080401,2026-06-03T14:00:00.157459+00:00
2026-06-03T14:00:00.157459+00:00,SP500,6.298571428571449,0.08314836013480283,DOWN,0.008074848004428613,LOW,MEDIUM,50,DOWN,0.009240802101620019,2026-06-03T14:00:00.157459+00:00
2026-06-03T14:15:00.050825+00:00,XAUUSD,11.551428571428525,0.2593128626042685,DOWN,0.01728354041453789,LOW,MEDIUM,50,DOWN,0.011448762299006165,2026-06-03T14:15:00.050825+00:00
2026-06-03T14:15:00.050825+00:00,BTCUSD,261.17857142857144,0.3910268612408058,DOWN,0.01014849773660971,LOW,MEDIUM,50,DOWN,0.006737232943571931,2026-06-03T14:15:00.050825+00:00
2026-06-03T14:15:00.050825+00:00,SP500,6.684285714285774,0.08812157349459841,DOWN,0.00790729972310565,LOW,MEDIUM,50,DOWN,0.002636678839331577,2026-06-03T14:15:00.050825+00:00
2026-06-03T14:30:00.011135+00:00,BTCUSD,269.89285714285717,0.4048342252864697,DOWN,0.012489131830241921,LOW,MEDIUM,50,DOWN,0.01724978437769528,2026-06-03T14:30:00.011135+00:00
2026-06-03T14:30:00.012138+00:00,SP500,7.120000000000085,0.09388086623558936,DOWN,0.008565949022082067,LOW,MEDIUM,50,DOWN,0.0065927574603643424,2026-06-03T14:30:00.012138+00:00
2026-06-03T14:30:00.012138+00:00,XAUUSD,11.808571428571408,0.2652616080835149,DOWN,0.01723635898936981,LOW,MEDIUM,50,DOWN,0.005166600399411298,2026-06-03T14:30:00.012138+00:00
2026-06-03T14:45:00.011239+00:00,BTCUSD,283.60714285714283,0.4255617887207101,DOWN,0.01403901735917123,LOW,MEDIUM,50,DOWN,0.015755593235598636,2026-06-03T14:45:00.011239+00:00
2026-06-03T14:45:00.012244+00:00,SP500,7.348571428571502,0.09693048441122741,DOWN,0.009442032813242351,LOW,MEDIUM,50,DOWN,0.0026380769474260036,2026-06-03T14:45:00.012244+00:00
2026-06-03T14:45:00.012244+00:00,XAUUSD,11.77999999999994,0.26481907776418834,DOWN,0.01764503764571867,LOW,MEDIUM,50,DOWN,0.0056200992734335665,2026-06-03T14:45:00.012244+00:00
2026-06-03T15:00:00.010902+00:00,BTCUSD,281.32142857142856,0.4214300694661422,DOWN,0.013366068609697725,LOW,MEDIUM,50,DOWN,0.013482338137040478,2026-06-03T15:00:00.010902+00:00
2026-06-03T15:00:00.011903+00:00,SP500,7.734285714285826,0.10205454998543032,DOWN,0.010367964280931985,LOW,MEDIUM,50,DOWN,0.003958525211849475,2026-06-03T15:00:00.011903+00:00
2026-06-03T15:00:00.011903+00:00,XAUUSD,12.058571428571343,0.2705316920457702,DOWN,0.015414156337050294,LOW,MEDIUM,50,DOWN,0.007852181560373277,2026-06-03T15:00:00.011903+00:00
2026-06-03T15:15:00.014299+00:00,BTCUSD,303.5357142857143,0.4569084624027611,DOWN,0.018860083358576092,LOW,MEDIUM,50,DOWN,0.02709517179091559,2026-06-03T15:15:00.014299+00:00
2026-06-03T15:15:00.015303+00:00,SP500,7.998571428571462,0.1055677315325294,DOWN,0.01119768665018418,LOW,MEDIUM,50,DOWN,0.0026396646569995736,2026-06-03T15:15:00.015303+00:00
2026-06-03T15:15:00.016308+00:00,XAUUSD,12.539285714285663,0.28203965681613663,DOWN,0.017146944704922777,LOW,MEDIUM,50,DOWN,0.00179939855103268,2026-06-03T15:15:00.016308+00:00
2026-06-03T15:45:00.015632+00:00,SP500,8.87000000000002,0.11720060991884512,DOWN,0.01330933122482136,LOW,MEDIUM,50,DOWN,0.0,2026-06-03T15:45:00.015632+00:00
2026-06-03T15:45:00.015632+00:00,BTCUSD,326.10714285714283,0.49275412373303745,DOWN,0.0263956509453896,LOW,MEDIUM,50,DOWN,0.016621210175202666,2026-06-03T15:45:00.015632+00:00
2026-06-03T15:45:00.015632+00:00,XAUUSD,12.693571428571431,0.28588802893146315,DOWN,0.01880037253418597,LOW,MEDIUM,50,DOWN,0.00270267226720174,2026-06-03T15:45:00.015632+00:00
2026-06-03T16:00:00.012527+00:00,BTCUSD,325.2857142857143,0.4929729167997246,DOWN,0.032842989182141846,LOW,MEDIUM,50,DOWN,0.034856670884829015,2026-06-03T16:00:00.012527+00:00
2026-06-03T16:00:00.014054+00:00,SP500,8.90714285714291,0.11768360907977715,DOWN,0.014057055437290744,LOW,MEDIUM,50,DOWN,0.003963682102127994,2026-06-03T16:00:00.014054+00:00
2026-06-03T16:00:00.014054+00:00,XAUUSD,12.240000000000041,0.275513098126782,DOWN,0.018764007035057952,LOW,MEDIUM,50,DOWN,0.009228788417642169,2026-06-03T16:00:00.014054+00:00
2026-06-03T16:15:00.018356+00:00,BTCUSD,344.25,0.5211842274588768,DOWN,0.03551396890920795,MEDIUM,MEDIUM,50,DOWN,0.012111761277185227,2026-06-03T16:15:00.018356+00:00
2026-06-03T16:15:00.019359+00:00,XAUUSD,11.897857142857188,0.26799329542138134,DOWN,0.01967474936055559,LOW,MEDIUM,50,DOWN,0.014640925666906456,2026-06-03T16:15:00.019359+00:00
2026-06-03T16:15:00.019359+00:00,SP500,8.834285714285736,0.11672100056926053,DOWN,0.01466825303069855,LOW,MEDIUM,50,DOWN,0.0,2026-06-03T16:15:00.020361+00:00
2026-06-03T16:30:00.014325+00:00,SP500,9.634285714285722,0.12745584970188495,DOWN,0.0165066440610073,LOW,MEDIUM,50,DOWN,0.003968820942676757,2026-06-03T16:30:00.014325+00:00
2026-06-03T16:30:00.014325+00:00,BTCUSD,375.2142857142857,0.5726670060733445,DOWN,0.04715430384474616,MEDIUM,MEDIUM,50,DOWN,0.01678863867033982,2026-06-03T16:30:00.014325+00:00
2026-06-03T16:30:00.016366+00:00,XAUUSD,11.83714285714281,0.2667603300410561,DOWN,0.02051823023092904,LOW,MEDIUM,50,DOWN,0.0072114788714871415,2026-06-03T16:30:00.016366+00:00
2026-06-03T16:45:00.012382+00:00,BTCUSD,372.25,0.5655017356231913,DOWN,0.0478027962475092,MEDIUM,MEDIUM,50,DOWN,0.022787175377697432,2026-06-03T16:45:00.012382+00:00
2026-06-03T16:45:00.013890+00:00,SP500,10.150000000000025,0.13431220242900013,DOWN,0.01769452719695402,LOW,MEDIUM,50,DOWN,0.003969818791007327,2026-06-03T16:45:00.013890+00:00
2026-06-03T16:45:00.015322+00:00,XAUUSD,10.982857142857094,0.24740399579335864,DOWN,0.020523854430869293,LOW,MEDIUM,50,DOWN,0.009010551355629256,2026-06-03T16:45:00.015322+00:00
2026-06-03T17:00:00.011544+00:00,BTCUSD,355.0,0.5380132912015884,DOWN,0.048152370615653514,MEDIUM,MEDIUM,50,DOWN,0.03788825994377382,2026-06-03T17:00:00.011544+00:00
2026-06-03T17:00:00.014080+00:00,SP500,9.342857142857156,0.123459959707502,DOWN,0.017059161338850062,LOW,MEDIUM,50,DOWN,0.0026428737552040577,2026-06-03T17:00:00.014080+00:00
2026-06-03T17:00:00.015121+00:00,XAUUSD,9.517142857142776,0.21423715557887907,DOWN,0.01995038828002963,LOW,MEDIUM,50,DOWN,0.01148043598642402,2026-06-03T17:00:00.015121+00:00
2026-06-03T17:15:00.014145+00:00,BTCUSD,353.9642857142857,0.5394275786771805,DOWN,0.05543743730221331,MEDIUM,MEDIUM,50,DOWN,0.003047920936930896,2026-06-03T17:15:00.014145+00:00
2026-06-03T17:15:00.016325+00:00,XAUUSD,8.282142857142844,0.18644992271855695,DOWN,0.019767949647151596,LOW,MEDIUM,50,DOWN,0.0020261052404119185,2026-06-03T17:15:00.016325+00:00
2026-06-03T17:15:00.016829+00:00,SP500,8.642857142857142,0.11433530368023608,DOWN,0.018306547399327706,LOW,MEDIUM,50,DOWN,0.0,2026-06-03T17:15:00.016829+00:00
2026-06-03T17:30:00.019221+00:00,SP500,8.364285714285675,0.110598907724809,DOWN,0.018291962733980694,LOW,MEDIUM,50,DOWN,0.0026445511667735695,2026-06-03T17:30:00.019221+00:00
2026-06-03T17:30:00.019221+00:00,BTCUSD,357.60714285714283,0.5430508687837678,DOWN,0.05473816917076149,MEDIUM,MEDIUM,50,DOWN,0.0015185682938125935,2026-06-03T17:30:00.019221+00:00
2026-06-03T17:30:00.019748+00:00,XAUUSD,7.753571428571506,0.17470514181937513,DOWN,0.02032934999739082,LOW,MEDIUM,50,DOWN,0.026813336367683155,2026-06-03T17:30:00.019748+00:00
2026-06-03T17:45:00.016456+00:00,BTCUSD,361.60714285714283,0.5477858630670598,DOWN,0.0531342365248291,MEDIUM,MEDIUM,50,DOWN,0.006059458435902291,2026-06-03T17:45:00.016456+00:00
2026-06-03T17:45:00.017623+00:00,SP500,8.557142857142805,0.1130593132939626,DOWN,0.01760052612773147,LOW,MEDIUM,50,DOWN,0.0,2026-06-03T17:45:00.017623+00:00
2026-06-03T17:45:00.019071+00:00,XAUUSD,7.2407142857143425,0.16305234242375338,DOWN,0.019775588805083344,LOW,MEDIUM,50,DOWN,0.003828199417664951,2026-06-03T17:45:00.019071+00:00
2026-06-03T18:00:00.014959+00:00,BTCUSD,364.0357142857143,0.5526788086472301,DOWN,0.05524015853584638,MEDIUM,MEDIUM,50,DOWN,0.010627395908452575,2026-06-03T18:00:00.014959+00:00
2026-06-03T18:00:00.015960+00:00,XAUUSD,7.06285714285715,0.15910238450837091,DOWN,0.019890749163866923,LOW,MEDIUM,50,DOWN,0.002703195853295103,2026-06-03T18:00:00.015960+00:00
2026-06-03T18:00:00.015960+00:00,SP500,8.607142857142792,0.11365985877125778,DOWN,0.016771142871532422,LOW,MEDIUM,50,DOWN,0.0026410589589977987,2026-06-03T18:00:00.015960+00:00
2026-06-03T18:15:00.010730+00:00,BTCUSD,365.92857142857144,0.5556115902985423,DOWN,0.05571936406713178,MEDIUM,MEDIUM,50,DOWN,0.015183607777043905,2026-06-03T18:15:00.010730+00:00
2026-06-03T18:15:00.011733+00:00,SP500,8.34285714285709,0.11020918231202943,DOWN,0.016618550011705664,LOW,MEDIUM,50,DOWN,0.003963001418756911,2026-06-03T18:15:00.011733+00:00
2026-06-03T18:15:00.012737+00:00,XAUUSD,6.594285714285759,0.14862438727857769,DOWN,0.02027633553414835,LOW,MEDIUM,50,DOWN,0.0011269180144647115,2026-06-03T18:15:00.012737+00:00
2026-06-03T18:30:00.011002+00:00,BTCUSD,353.64285714285717,0.5373409059582869,DOWN,0.0567607246660711,MEDIUM,MEDIUM,50,DOWN,0.012155560789199785,2026-06-03T18:30:00.011002+00:00
2026-06-03T18:30:00.012005+00:00,XAUUSD,6.050000000000052,0.13624223644446165,DOWN,0.019424008122902306,LOW,MEDIUM,50,DOWN,0.01080930140384819,2026-06-03T18:30:00.012005+00:00
2026-06-03T18:30:00.012005+00:00,SP500,8.614285714285675,0.1136941277265845,DOWN,0.01531918545035334,LOW,MEDIUM,50,DOWN,0.0,2026-06-03T18:30:00.012005+00:00
2026-06-03T18:45:00.011098+00:00,BTCUSD,346.64285714285717,0.5255947191431063,DOWN,0.05475589276347844,MEDIUM,MEDIUM,50,DOWN,0.013646184754179143,2026-06-03T18:45:00.011098+00:00
2026-06-03T18:45:00.011098+00:00,SP500,8.335714285714273,0.11006393705587723,DOWN,0.015029970479789689,LOW,MEDIUM,50,DOWN,0.003961169971165084,2026-06-03T18:45:00.011098+00:00
2026-06-03T18:45:00.012101+00:00,XAUUSD,5.619285714285785,0.12655678356907984,DOWN,0.019118951695514284,LOW,MEDIUM,50,DOWN,0.0018017490478865988,2026-06-03T18:45:00.012101+00:00
2026-06-03T19:00:00.009656+00:00,BTCUSD,323.57142857142856,0.4907095573539814,DOWN,0.05410406817519027,LOW,MEDIUM,50,DOWN,0.007582708391783377,2026-06-03T19:00:00.009656+00:00
2026-06-03T19:00:00.011661+00:00,SP500,7.75,0.10234779232510412,DOWN,0.014673658553557801,LOW,MEDIUM,50,DOWN,0.0,2026-06-03T19:00:00.011661+00:00
2026-06-03T19:00:00.011661+00:00,XAUUSD,5.2407142857143425,0.11798388266513449,DOWN,0.01827572007625141,LOW,MEDIUM,50,DOWN,0.0042774584692461945,2026-06-03T19:00:00.011661+00:00
2026-06-03T19:15:00.019847+00:00,BTCUSD,311.92857142857144,0.4734799202012317,DOWN,0.05425886867529498,LOW,MEDIUM,50,DOWN,0.0060716454159077116,2026-06-03T19:15:00.019847+00:00
2026-06-03T19:15:00.022411+00:00,XAUUSD,5.440000000000119,0.12225186130706385,DOWN,0.015803854845768333,LOW,MEDIUM,50,DOWN,0.0022472768622703292,2026-06-03T19:15:00.022411+00:00
2026-06-03T19:15:00.021233+00:00,SP500,7.85285714285718,0.10378755667061197,DOWN,0.01503569712184458,LOW,MEDIUM,50,DOWN,0.003964960323966095,2026-06-03T19:15:00.021233+00:00
2026-06-03T19:30:00.010984+00:00,BTCUSD,308.42857142857144,0.47045236642552085,DOWN,0.0591088248567459,LOW,MEDIUM,50,DOWN,0.008389261744966443,2026-06-03T19:30:00.010984+00:00
2026-06-03T19:30:00.012999+00:00,XAUUSD,5.4064285714286076,0.12153374331636747,DOWN,0.014850499459492749,LOW,MEDIUM,50,DOWN,0.014611666853987551,2026-06-03T19:30:00.012999+00:00
2026-06-03T19:30:00.011987+00:00,SP500,8.081428571428594,0.10683248206018833,DOWN,0.01514663603982527,LOW,MEDIUM,50,DOWN,0.0,2026-06-03T19:30:00.011987+00:00
2026-06-03T19:45:00.011042+00:00,SP500,7.731428571428621,0.10213814467154878,DOWN,0.014386688565932636,LOW,MEDIUM,50,DOWN,0.003963231777723228,2026-06-03T19:45:00.011042+00:00
2026-06-03T19:45:00.012045+00:00,BTCUSD,274.7142857142857,0.4184273398639622,DOWN,0.0588397476320093,LOW,MEDIUM,50,DOWN,0.0182776373107503,2026-06-03T19:45:00.012045+00:00
2026-06-03T19:45:00.012045+00:00,XAUUSD,5.036428571428717,0.11325528554113737,DOWN,0.014138204579265252,LOW,MEDIUM,50,DOWN,0.0015741055145552692,2026-06-03T19:45:00.012045+00:00
