logged_at,timestamp,symbol,strategy,label,direction,entry_price,stop_loss,take_profit,lot_size,risk_percent,atr,signal_score,signal_type,execution_time_ms,slippage_pips,spread_at_entry,status,exit_time,exit_price,profit,holding_period_minutes
2026-06-02T14:35:43.368667+00:00,2026-06-02T14:35:43.368667+00:00,XAUUSD,bollinger,bollinger:XAUUSD:1,BUY,2000.0,1990.0,2020.0,0.1,1.0,5.0,8,BOLLINGER_BREAKOUT,150,2,0.5,OPEN,,0,0,0
2026-06-02T14:35:43.370737+00:00,2026-06-02T14:35:43.368667+00:00,XAUUSD,bollinger,bollinger:XAUUSD:1,BUY,2000.0,1990.0,2020.0,0.1,1.0,5.0,8,BOLLINGER_BREAKOUT,150,2,0.5,CLOSED,2026-06-02T14:35:43.370737+00:00,2015.0,150.0,120
2026-06-02T19:32:38.316811+00:00,2026-06-02T19:32:38.316811+00:00,BTCUSD,"bollinger_{'period': 20, 'std_dev': 2.0, 'stop_atr_mult': 0.6, 'tp_atr_mult': 1.5}","bollinger_{'period': 20, 'std_dev': 2.0, 'stop_atr_mult': 0.6, 'tp_atr_mult': 1.5}:BTCUSD:1",BUY,66683.5,66659.61460490599,67916.4357142857,0.01,1.0,0,0,,0,0,2500,FAILED,,0,0,0
2026-06-02T19:32:39.318747+00:00,2026-06-02T19:32:39.318747+00:00,BTCUSD,"bollinger_{'period': 20, 'std_dev': 2.0, 'stop_atr_mult': 0.6, 'tp_atr_mult': 1.5}","bollinger_{'period': 20, 'std_dev': 2.0, 'stop_atr_mult': 0.6, 'tp_atr_mult': 1.5}:BTCUSD:1",BUY,66677.0,66659.61460490599,67916.4357142857,0.01,1.0,0,0,,0,0,2500,FAILED,,0,0,0
2026-06-02T19:32:40.321347+00:00,2026-06-02T19:32:40.321347+00:00,BTCUSD,"bollinger_{'period': 20, 'std_dev': 2.0, 'stop_atr_mult': 0.6, 'tp_atr_mult': 1.5}","bollinger_{'period': 20, 'std_dev': 2.0, 'stop_atr_mult': 0.6, 'tp_atr_mult': 1.5}:BTCUSD:1",BUY,66672.0,66659.61460490599,67916.4357142857,0.01,1.0,0,0,,0,0,2500,FAILED,,0,0,0
2026-06-02T19:32:41.330865+00:00,2026-06-02T19:32:41.330865+00:00,XAUUSD,"volatility_{'volatility_window': 10, 'volatility_threshold': 1.0, 'stop_atr_mult': 0.4, 'tp_atr_mult': 1.2}","volatility_{'volatility_window': 10, 'volatility_threshold': 1.0, 'stop_atr_mult': 0.4, 'tp_atr_mult': 1.2}:XAUUSD:1",BUY,4488.66,4487.155714285715,4496.692857142857,0.01,1.0,0,0,,0,0,19,FAILED,,0,0,0
2026-06-02T19:32:42.333455+00:00,2026-06-02T19:32:42.333455+00:00,XAUUSD,"volatility_{'volatility_window': 10, 'volatility_threshold': 1.0, 'stop_atr_mult': 0.4, 'tp_atr_mult': 1.2}","volatility_{'volatility_window': 10, 'volatility_threshold': 1.0, 'stop_atr_mult': 0.4, 'tp_atr_mult': 1.2}:XAUUSD:1",BUY,4488.64,4487.155714285715,4496.692857142857,0.01,1.0,0,0,,0,0,19,FAILED,,0,0,0
2026-06-02T19:32:43.336211+00:00,2026-06-02T19:32:43.336211+00:00,XAUUSD,"volatility_{'volatility_window': 10, 'volatility_threshold': 1.0, 'stop_atr_mult': 0.4, 'tp_atr_mult': 1.2}","volatility_{'volatility_window': 10, 'volatility_threshold': 1.0, 'stop_atr_mult': 0.4, 'tp_atr_mult': 1.2}:XAUUSD:1",BUY,4488.6,4487.155714285715,4496.692857142857,0.01,1.0,0,0,,0,0,18,FAILED,,0,0,0
2026-06-02T19:43:54.410187+00:00,2026-06-02T19:43:54.410187+00:00,BTCUSD,"bollinger_{'period': 20, 'std_dev': 2.0, 'stop_atr_mult': 0.6, 'tp_atr_mult': 1.5}","bollinger_{'period': 20, 'std_dev': 2.0, 'stop_atr_mult': 0.6, 'tp_atr_mult': 1.5}:BTCUSD:1",BUY,66830.0,66659.61460490599,67916.4357142857,0.01,1.0,0,0,,0,0,2500,OPEN,,0,0,0
2026-06-02T20:43:03.549948+00:00,2026-06-02T20:43:03.549948+00:00,BTCUSD,"bollinger_{'period': 15, 'std_dev': 1.5, 'stop_atr_mult': 0.5, 'tp_atr_mult': 1.3}","bollinger_{'period': 15, 'std_dev': 1.5, 'stop_atr_mult': 0.5, 'tp_atr_mult': 1.3}:BTCUSD:1",BUY,67165.0,66690.77432299107,67679.45714285714,0.02,1.0,0,0,,0,0,2500,OPEN,,0,0,0
2026-06-02T20:43:03.593420+00:00,2026-06-02T20:43:03.593420+00:00,BTCUSD,"bollinger_{'period': 18, 'std_dev': 1.8, 'stop_atr_mult': 0.55, 'tp_atr_mult': 1.4}","bollinger_{'period': 18, 'std_dev': 1.8, 'stop_atr_mult': 0.55, 'tp_atr_mult': 1.4}:BTCUSD:1",BUY,67165.0,66595.86156363347,67791.12777777779,0.01,1.0,0,0,,0,0,2500,OPEN,,0,0,0
2026-06-02T20:43:03.637457+00:00,2026-06-02T20:43:03.637457+00:00,BTCUSD,"bollinger_{'period': 15, 'std_dev': 1.5, 'stop_atr_mult': 0.5, 'tp_atr_mult': 1.3}","bollinger_{'period': 15, 'std_dev': 1.5, 'stop_atr_mult': 0.5, 'tp_atr_mult': 1.3}:BTCUSD:1",BUY,67165.0,66690.77432299107,67679.45714285714,0.02,1.0,0,0,,0,0,2500,OPEN,,0,0,0
2026-06-02T20:43:03.681672+00:00,2026-06-02T20:43:03.681672+00:00,BTCUSD,"bollinger_{'period': 18, 'std_dev': 1.8, 'stop_atr_mult': 0.55, 'tp_atr_mult': 1.4}","bollinger_{'period': 18, 'std_dev': 1.8, 'stop_atr_mult': 0.55, 'tp_atr_mult': 1.4}:BTCUSD:1",BUY,67165.0,66595.86156363347,67791.12777777779,0.01,1.0,0,0,,0,0,2500,OPEN,,0,0,0
2026-06-02T20:43:03.724816+00:00,2026-06-02T20:43:03.724816+00:00,BTCUSD,"bollinger_{'period': 15, 'std_dev': 1.5, 'stop_atr_mult': 0.5, 'tp_atr_mult': 1.3}","bollinger_{'period': 15, 'std_dev': 1.5, 'stop_atr_mult': 0.5, 'tp_atr_mult': 1.3}:BTCUSD:1",BUY,67165.0,66690.77432299107,67679.45714285714,0.02,1.0,0,0,,0,0,2500,OPEN,,0,0,0
2026-06-02T20:43:03.768260+00:00,2026-06-02T20:43:03.768260+00:00,BTCUSD,"bollinger_{'period': 18, 'std_dev': 1.8, 'stop_atr_mult': 0.55, 'tp_atr_mult': 1.4}","bollinger_{'period': 18, 'std_dev': 1.8, 'stop_atr_mult': 0.55, 'tp_atr_mult': 1.4}:BTCUSD:1",BUY,67165.0,66595.86156363347,67791.12777777779,0.01,1.0,0,0,,0,0,2500,OPEN,,0,0,0
2026-06-02T20:45:00.948604+00:00,2026-06-02T20:45:00.948604+00:00,BTCUSD,"volatility_{'volatility_window': 10, 'volatility_threshold': 1.0, 'stop_atr_mult': 0.4, 'tp_atr_mult': 1.2}","volatility_{'volatility_window': 10, 'volatility_threshold': 1.0, 'stop_atr_mult': 0.4, 'tp_atr_mult': 1.2}:BTCUSD:1",BUY,67206.0,67044.95714285714,67629.12857142858,0.02,1.0,0,0,,0,0,2500,OPEN,,0,0,0
2026-06-02T20:45:00.995532+00:00,2026-06-02T20:45:00.995532+00:00,BTCUSD,"volatility_{'volatility_window': 10, 'volatility_threshold': 1.0, 'stop_atr_mult': 0.4, 'tp_atr_mult': 1.2}","volatility_{'volatility_window': 10, 'volatility_threshold': 1.0, 'stop_atr_mult': 0.4, 'tp_atr_mult': 1.2}:BTCUSD:1",BUY,67206.0,67044.95714285714,67629.12857142858,0.02,1.0,0,0,,0,0,2500,OPEN,,0,0,0
2026-06-02T20:45:01.040588+00:00,2026-06-02T20:45:01.040588+00:00,BTCUSD,"volatility_{'volatility_window': 10, 'volatility_threshold': 1.0, 'stop_atr_mult': 0.4, 'tp_atr_mult': 1.2}","volatility_{'volatility_window': 10, 'volatility_threshold': 1.0, 'stop_atr_mult': 0.4, 'tp_atr_mult': 1.2}:BTCUSD:1",BUY,67206.0,67044.95714285714,67629.12857142858,0.02,1.0,0,0,,0,0,2500,OPEN,,0,0,0
2026-06-02T21:15:00.889088+00:00,2026-06-02T21:15:00.889088+00:00,BTCUSD,"volatility_{'volatility_window': 10, 'volatility_threshold': 1.0, 'stop_atr_mult': 0.4, 'tp_atr_mult': 1.2}","volatility_{'volatility_window': 10, 'volatility_threshold': 1.0, 'stop_atr_mult': 0.4, 'tp_atr_mult': 1.2}:BTCUSD:1",BUY,67376.5,67212.71428571429,67807.85714285714,0.02,1.0,0,0,,0,0,2200,OPEN,,0,0,0
2026-06-02T21:15:00.934278+00:00,2026-06-02T21:15:00.934278+00:00,BTCUSD,"volatility_{'volatility_window': 10, 'volatility_threshold': 1.0, 'stop_atr_mult': 0.4, 'tp_atr_mult': 1.2}","volatility_{'volatility_window': 10, 'volatility_threshold': 1.0, 'stop_atr_mult': 0.4, 'tp_atr_mult': 1.2}:BTCUSD:1",BUY,67376.5,67212.71428571429,67807.85714285714,0.02,1.0,0,0,,0,0,2200,OPEN,,0,0,0
2026-06-02T21:15:00.978304+00:00,2026-06-02T21:15:00.978304+00:00,BTCUSD,"volatility_{'volatility_window': 10, 'volatility_threshold': 1.0, 'stop_atr_mult': 0.4, 'tp_atr_mult': 1.2}","volatility_{'volatility_window': 10, 'volatility_threshold': 1.0, 'stop_atr_mult': 0.4, 'tp_atr_mult': 1.2}:BTCUSD:1",BUY,67380.5,67212.71428571429,67807.85714285714,0.02,1.0,0,0,,0,0,2700,OPEN,,0,0,0
2026-06-02T21:30:01.015843+00:00,2026-06-02T21:30:01.015843+00:00,BTCUSD,"bollinger_{'period': 20, 'std_dev': 2.0, 'stop_atr_mult': 0.6, 'tp_atr_mult': 1.5}","bollinger_{'period': 20, 'std_dev': 2.0, 'stop_atr_mult': 0.6, 'tp_atr_mult': 1.5}:BTCUSD:1",SELL,67774.5,68011.28997776861,66687.36428571428,0.01,1.0,0,0,,0,0,2800,OPEN,,0,0,0
2026-06-02T21:30:01.059207+00:00,2026-06-02T21:30:01.059207+00:00,BTCUSD,"bollinger_{'period': 15, 'std_dev': 1.5, 'stop_atr_mult': 0.5, 'tp_atr_mult': 1.3}","bollinger_{'period': 15, 'std_dev': 1.5, 'stop_atr_mult': 0.5, 'tp_atr_mult': 1.3}:BTCUSD:1",SELL,67774.5,67813.70928054138,66714.16904761904,0.06,1.0,0,0,,0,0,2800,OPEN,,0,0,0
2026-06-02T21:30:01.103850+00:00,2026-06-02T21:30:01.103850+00:00,BTCUSD,"bollinger_{'period': 18, 'std_dev': 1.8, 'stop_atr_mult': 0.55, 'tp_atr_mult': 1.4}","bollinger_{'period': 18, 'std_dev': 1.8, 'stop_atr_mult': 0.55, 'tp_atr_mult': 1.4}:BTCUSD:1",SELL,67774.5,67942.04757979851,66712.84444444443,0.02,1.0,0,0,,0,0,2800,OPEN,,0,0,0
2026-06-02T21:30:01.148423+00:00,2026-06-02T21:30:01.148423+00:00,BTCUSD,"volatility_{'volatility_window': 10, 'volatility_threshold': 1.0, 'stop_atr_mult': 0.4, 'tp_atr_mult': 1.2}","volatility_{'volatility_window': 10, 'volatility_threshold': 1.0, 'stop_atr_mult': 0.4, 'tp_atr_mult': 1.2}:BTCUSD:1",BUY,67802.5,67615.75714285714,68246.72857142857,0.02,1.0,0,0,,0,0,2800,OPEN,,0,0,0
2026-06-02T21:30:01.192844+00:00,2026-06-02T21:30:01.192844+00:00,BTCUSD,"bollinger_{'period': 20, 'std_dev': 2.0, 'stop_atr_mult': 0.6, 'tp_atr_mult': 1.5}","bollinger_{'period': 20, 'std_dev': 2.0, 'stop_atr_mult': 0.6, 'tp_atr_mult': 1.5}:BTCUSD:1",SELL,67775.5,68011.28997776861,66687.36428571428,0.01,1.0,0,0,,0,0,2700,OPEN,,0,0,0
2026-06-02T21:30:01.238509+00:00,2026-06-02T21:30:01.238509+00:00,BTCUSD,"bollinger_{'period': 15, 'std_dev': 1.5, 'stop_atr_mult': 0.5, 'tp_atr_mult': 1.3}","bollinger_{'period': 15, 'std_dev': 1.5, 'stop_atr_mult': 0.5, 'tp_atr_mult': 1.3}:BTCUSD:1",SELL,67775.5,67813.70928054138,66714.16904761904,0.06,1.0,0,0,,0,0,2700,OPEN,,0,0,0
2026-06-02T21:30:01.281962+00:00,2026-06-02T21:30:01.281962+00:00,BTCUSD,"bollinger_{'period': 18, 'std_dev': 1.8, 'stop_atr_mult': 0.55, 'tp_atr_mult': 1.4}","bollinger_{'period': 18, 'std_dev': 1.8, 'stop_atr_mult': 0.55, 'tp_atr_mult': 1.4}:BTCUSD:1",SELL,67775.5,67942.04757979851,66712.84444444443,0.01,1.0,0,0,,0,0,2700,OPEN,,0,0,0
2026-06-02T21:30:01.325698+00:00,2026-06-02T21:30:01.325698+00:00,BTCUSD,"volatility_{'volatility_window': 10, 'volatility_threshold': 1.0, 'stop_atr_mult': 0.4, 'tp_atr_mult': 1.2}","volatility_{'volatility_window': 10, 'volatility_threshold': 1.0, 'stop_atr_mult': 0.4, 'tp_atr_mult': 1.2}:BTCUSD:1",BUY,67802.5,67615.75714285714,68246.72857142857,0.02,1.0,0,0,,0,0,2700,OPEN,,0,0,0
2026-06-02T21:30:01.370539+00:00,2026-06-02T21:30:01.370539+00:00,BTCUSD,"bollinger_{'period': 20, 'std_dev': 2.0, 'stop_atr_mult': 0.6, 'tp_atr_mult': 1.5}","bollinger_{'period': 20, 'std_dev': 2.0, 'stop_atr_mult': 0.6, 'tp_atr_mult': 1.5}:BTCUSD:1",SELL,67775.5,68011.28997776861,66687.36428571428,0.01,1.0,0,0,,0,0,2700,OPEN,,0,0,0
2026-06-02T21:30:01.413413+00:00,2026-06-02T21:30:01.413413+00:00,BTCUSD,"bollinger_{'period': 15, 'std_dev': 1.5, 'stop_atr_mult': 0.5, 'tp_atr_mult': 1.3}","bollinger_{'period': 15, 'std_dev': 1.5, 'stop_atr_mult': 0.5, 'tp_atr_mult': 1.3}:BTCUSD:1",SELL,67775.5,67813.70928054138,66714.16904761904,0.06,1.0,0,0,,0,0,2700,OPEN,,0,0,0
2026-06-02T21:30:01.461416+00:00,2026-06-02T21:30:01.460394+00:00,BTCUSD,"bollinger_{'period': 18, 'std_dev': 1.8, 'stop_atr_mult': 0.55, 'tp_atr_mult': 1.4}","bollinger_{'period': 18, 'std_dev': 1.8, 'stop_atr_mult': 0.55, 'tp_atr_mult': 1.4}:BTCUSD:1",SELL,67775.5,67942.04757979851,66712.84444444443,0.01,1.0,0,0,,0,0,2700,OPEN,,0,0,0
2026-06-02T21:30:01.504939+00:00,2026-06-02T21:30:01.504939+00:00,BTCUSD,"volatility_{'volatility_window': 10, 'volatility_threshold': 1.0, 'stop_atr_mult': 0.4, 'tp_atr_mult': 1.2}","volatility_{'volatility_window': 10, 'volatility_threshold': 1.0, 'stop_atr_mult': 0.4, 'tp_atr_mult': 1.2}:BTCUSD:1",BUY,67802.5,67615.75714285714,68246.72857142857,0.02,1.0,0,0,,0,0,2700,OPEN,,0,0,0
2026-06-02T21:45:00.891491+00:00,2026-06-02T21:45:00.891491+00:00,BTCUSD,"volatility_{'volatility_window': 10, 'volatility_threshold': 1.0, 'stop_atr_mult': 0.4, 'tp_atr_mult': 1.2}","volatility_{'volatility_window': 10, 'volatility_threshold': 1.0, 'stop_atr_mult': 0.4, 'tp_atr_mult': 1.2}:BTCUSD:1",BUY,67666.5,67450.37142857142,68086.88571428572,0.02,1.0,0,0,,0,0,4900,OPEN,,0,0,0
2026-06-02T21:45:00.935477+00:00,2026-06-02T21:45:00.935477+00:00,BTCUSD,"volatility_{'volatility_window': 10, 'volatility_threshold': 1.0, 'stop_atr_mult': 0.4, 'tp_atr_mult': 1.2}","volatility_{'volatility_window': 10, 'volatility_threshold': 1.0, 'stop_atr_mult': 0.4, 'tp_atr_mult': 1.2}:BTCUSD:1",BUY,67666.5,67450.37142857142,68086.88571428572,0.02,1.0,0,0,,0,0,4900,OPEN,,0,0,0
2026-06-02T21:45:00.979467+00:00,2026-06-02T21:45:00.979467+00:00,BTCUSD,"volatility_{'volatility_window': 10, 'volatility_threshold': 1.0, 'stop_atr_mult': 0.4, 'tp_atr_mult': 1.2}","volatility_{'volatility_window': 10, 'volatility_threshold': 1.0, 'stop_atr_mult': 0.4, 'tp_atr_mult': 1.2}:BTCUSD:1",BUY,67666.5,67450.37142857142,68086.88571428572,0.02,1.0,0,0,,0,0,4900,OPEN,,0,0,0
2026-06-02T21:58:16.200419+00:00,2026-06-02T21:58:16.200419+00:00,BTCUSD,"volatility_{'volatility_window': 10, 'volatility_threshold': 1.0, 'stop_atr_mult': 0.4, 'tp_atr_mult': 1.2}","volatility_{'volatility_window': 10, 'volatility_threshold': 1.0, 'stop_atr_mult': 0.4, 'tp_atr_mult': 1.2}:BTCUSD:1",BUY,67512.0,67450.37142857142,68086.88571428572,0.02,1.0,0,0,,0,0,2500,OPEN,,0,0,0
2026-06-02T21:58:16.243988+00:00,2026-06-02T21:58:16.243988+00:00,BTCUSD,"volatility_{'volatility_window': 10, 'volatility_threshold': 1.0, 'stop_atr_mult': 0.4, 'tp_atr_mult': 1.2}","volatility_{'volatility_window': 10, 'volatility_threshold': 1.0, 'stop_atr_mult': 0.4, 'tp_atr_mult': 1.2}:BTCUSD:1",BUY,67512.0,67450.37142857142,68086.88571428572,0.02,1.0,0,0,,0,0,2500,OPEN,,0,0,0
2026-06-02T21:58:16.288931+00:00,2026-06-02T21:58:16.288931+00:00,BTCUSD,"volatility_{'volatility_window': 10, 'volatility_threshold': 1.0, 'stop_atr_mult': 0.4, 'tp_atr_mult': 1.2}","volatility_{'volatility_window': 10, 'volatility_threshold': 1.0, 'stop_atr_mult': 0.4, 'tp_atr_mult': 1.2}:BTCUSD:1",BUY,67512.0,67450.37142857142,68086.88571428572,0.02,1.0,0,0,,0,0,2500,OPEN,,0,0,0
2026-06-02T22:00:00.983444+00:00,2026-06-02T22:00:00.983444+00:00,BTCUSD,"volatility_{'volatility_window': 10, 'volatility_threshold': 1.0, 'stop_atr_mult': 0.4, 'tp_atr_mult': 1.2}","volatility_{'volatility_window': 10, 'volatility_threshold': 1.0, 'stop_atr_mult': 0.4, 'tp_atr_mult': 1.2}:BTCUSD:1",SELL,67440.0,67614.78571428571,66987.64285714286,0.02,1.0,0,0,,0,0,2500,OPEN,,0,0,0
2026-06-02T22:00:01.027733+00:00,2026-06-02T22:00:01.027733+00:00,BTCUSD,"volatility_{'volatility_window': 10, 'volatility_threshold': 1.0, 'stop_atr_mult': 0.4, 'tp_atr_mult': 1.2}","volatility_{'volatility_window': 10, 'volatility_threshold': 1.0, 'stop_atr_mult': 0.4, 'tp_atr_mult': 1.2}:BTCUSD:1",SELL,67440.0,67614.78571428571,66987.64285714286,0.02,1.0,0,0,,0,0,2500,OPEN,,0,0,0
2026-06-02T22:00:01.072267+00:00,2026-06-02T22:00:01.072267+00:00,BTCUSD,"volatility_{'volatility_window': 10, 'volatility_threshold': 1.0, 'stop_atr_mult': 0.4, 'tp_atr_mult': 1.2}","volatility_{'volatility_window': 10, 'volatility_threshold': 1.0, 'stop_atr_mult': 0.4, 'tp_atr_mult': 1.2}:BTCUSD:1",SELL,67440.0,67614.78571428571,66987.64285714286,0.02,1.0,0,0,,0,0,2500,OPEN,,0,0,0
2026-06-02T22:00:01.116974+00:00,2026-06-02T22:00:01.116974+00:00,SP500,"bollinger_{'period': 15, 'std_dev': 1.5, 'stop_atr_mult': 0.5, 'tp_atr_mult': 1.3}","bollinger_{'period': 15, 'std_dev': 1.5, 'stop_atr_mult': 0.5, 'tp_atr_mult': 1.3}:SP500:1",SELL,7614.84,7616.601074245715,7603.032690476191,0.14,1.0,0,0,,0,0,55,OPEN,,0,0,0
2026-06-02T22:00:01.161342+00:00,2026-06-02T22:00:01.161342+00:00,SP500,"macd_{'fast_period': 10, 'slow_period': 24, 'signal_period': 8, 'stop_atr_mult': 0.55, 'tp_atr_mult': 1.65}","macd_{'fast_period': 10, 'slow_period': 24, 'signal_period': 8, 'stop_atr_mult': 0.55, 'tp_atr_mult': 1.65}:SP500:1",BUY,7615.39,7612.2380357142865,7622.365892857143,0.1,1.0,0,0,,0,0,55,OPEN,,0,0,0
2026-06-02T22:00:01.206810+00:00,2026-06-02T22:00:01.206810+00:00,SP500,"bollinger_{'period': 15, 'std_dev': 1.5, 'stop_atr_mult': 0.5, 'tp_atr_mult': 1.3}","bollinger_{'period': 15, 'std_dev': 1.5, 'stop_atr_mult': 0.5, 'tp_atr_mult': 1.3}:SP500:1",SELL,7614.84,7616.601074245715,7603.032690476191,0.14,1.0,0,0,,0,0,55,OPEN,,0,0,0
2026-06-02T22:00:01.250423+00:00,2026-06-02T22:00:01.250423+00:00,SP500,"macd_{'fast_period': 10, 'slow_period': 24, 'signal_period': 8, 'stop_atr_mult': 0.55, 'tp_atr_mult': 1.65}","macd_{'fast_period': 10, 'slow_period': 24, 'signal_period': 8, 'stop_atr_mult': 0.55, 'tp_atr_mult': 1.65}:SP500:1",BUY,7615.39,7612.2380357142865,7622.365892857143,0.1,1.0,0,0,,0,0,55,OPEN,,0,0,0
2026-06-02T22:00:01.295226+00:00,2026-06-02T22:00:01.295226+00:00,SP500,"bollinger_{'period': 15, 'std_dev': 1.5, 'stop_atr_mult': 0.5, 'tp_atr_mult': 1.3}","bollinger_{'period': 15, 'std_dev': 1.5, 'stop_atr_mult': 0.5, 'tp_atr_mult': 1.3}:SP500:1",SELL,7614.84,7616.601074245715,7603.032690476191,0.14,1.0,0,0,,0,0,55,OPEN,,0,0,0
2026-06-02T22:00:01.339086+00:00,2026-06-02T22:00:01.339086+00:00,SP500,"macd_{'fast_period': 10, 'slow_period': 24, 'signal_period': 8, 'stop_atr_mult': 0.55, 'tp_atr_mult': 1.65}","macd_{'fast_period': 10, 'slow_period': 24, 'signal_period': 8, 'stop_atr_mult': 0.55, 'tp_atr_mult': 1.65}:SP500:1",BUY,7615.39,7612.2380357142865,7622.365892857143,0.1,1.0,0,0,,0,0,55,OPEN,,0,0,0
2026-06-02T22:15:00.926695+00:00,2026-06-02T22:15:00.926695+00:00,SP500,"bollinger_{'period': 15, 'std_dev': 1.5, 'stop_atr_mult': 0.5, 'tp_atr_mult': 1.3}","bollinger_{'period': 15, 'std_dev': 1.5, 'stop_atr_mult': 0.5, 'tp_atr_mult': 1.3}:SP500:1",SELL,7612.9,7616.042582778824,7603.585452380952,0.21,1.0,0,0,,0,0,20,OPEN,,0,0,0
2026-06-02T22:15:00.963901+00:00,2026-06-02T22:15:00.963901+00:00,SP500,"macd_{'fast_period': 12, 'slow_period': 26, 'signal_period': 9, 'stop_atr_mult': 0.6, 'tp_atr_mult': 1.8}","macd_{'fast_period': 12, 'slow_period': 26, 'signal_period': 9, 'stop_atr_mult': 0.6, 'tp_atr_mult': 1.8}:SP500:1",BUY,7613.1,7612.369285714286,7622.252142857144,0.1,1.0,0,0,,0,0,20,OPEN,,0,0,0
2026-06-02T22:15:01.001342+00:00,2026-06-02T22:15:01.001342+00:00,SP500,"bollinger_{'period': 15, 'std_dev': 1.5, 'stop_atr_mult': 0.5, 'tp_atr_mult': 1.3}","bollinger_{'period': 15, 'std_dev': 1.5, 'stop_atr_mult': 0.5, 'tp_atr_mult': 1.3}:SP500:1",SELL,7612.9,7616.042582778824,7603.585452380952,0.21,1.0,0,0,,0,0,20,OPEN,,0,0,0
2026-06-02T22:15:01.038547+00:00,2026-06-02T22:15:01.038547+00:00,SP500,"macd_{'fast_period': 12, 'slow_period': 26, 'signal_period': 9, 'stop_atr_mult': 0.6, 'tp_atr_mult': 1.8}","macd_{'fast_period': 12, 'slow_period': 26, 'signal_period': 9, 'stop_atr_mult': 0.6, 'tp_atr_mult': 1.8}:SP500:1",BUY,7613.1,7612.369285714286,7622.252142857144,0.1,1.0,0,0,,0,0,20,OPEN,,0,0,0
2026-06-02T22:15:01.075737+00:00,2026-06-02T22:15:01.074735+00:00,SP500,"bollinger_{'period': 15, 'std_dev': 1.5, 'stop_atr_mult': 0.5, 'tp_atr_mult': 1.3}","bollinger_{'period': 15, 'std_dev': 1.5, 'stop_atr_mult': 0.5, 'tp_atr_mult': 1.3}:SP500:1",SELL,7612.9,7616.042582778824,7603.585452380952,0.21,1.0,0,0,,0,0,20,OPEN,,0,0,0
2026-06-02T22:15:01.111711+00:00,2026-06-02T22:15:01.111711+00:00,SP500,"macd_{'fast_period': 12, 'slow_period': 26, 'signal_period': 9, 'stop_atr_mult': 0.6, 'tp_atr_mult': 1.8}","macd_{'fast_period': 12, 'slow_period': 26, 'signal_period': 9, 'stop_atr_mult': 0.6, 'tp_atr_mult': 1.8}:SP500:1",BUY,7613.1,7612.369285714286,7622.252142857144,0.1,1.0,0,0,,0,0,20,OPEN,,0,0,0
2026-06-02T22:15:01.148166+00:00,2026-06-02T22:15:01.148166+00:00,BTCUSD,"volatility_{'volatility_window': 10, 'volatility_threshold': 1.0, 'stop_atr_mult': 0.4, 'tp_atr_mult': 1.2}","volatility_{'volatility_window': 10, 'volatility_threshold': 1.0, 'stop_atr_mult': 0.4, 'tp_atr_mult': 1.2}:BTCUSD:1",SELL,67123.0,67279.88571428572,66632.34285714285,0.02,1.0,0,0,,0,0,1700,OPEN,,0,0,0
2026-06-02T22:15:01.185650+00:00,2026-06-02T22:15:01.185650+00:00,BTCUSD,"macd_{'fast_period': 5, 'slow_period': 13, 'signal_period': 5, 'stop_atr_mult': 0.4, 'tp_atr_mult': 1.2}","macd_{'fast_period': 5, 'slow_period': 13, 'signal_period': 5, 'stop_atr_mult': 0.4, 'tp_atr_mult': 1.2}:BTCUSD:1",SELL,67119.0,67279.88571428572,66632.34285714285,0.02,1.0,0,0,,0,0,1700,OPEN,,0,0,0
2026-06-02T22:15:01.222298+00:00,2026-06-02T22:15:01.222298+00:00,BTCUSD,"volatility_{'volatility_window': 10, 'volatility_threshold': 1.0, 'stop_atr_mult': 0.4, 'tp_atr_mult': 1.2}","volatility_{'volatility_window': 10, 'volatility_threshold': 1.0, 'stop_atr_mult': 0.4, 'tp_atr_mult': 1.2}:BTCUSD:1",SELL,67119.0,67279.88571428572,66632.34285714285,0.02,1.0,0,0,,0,0,1700,OPEN,,0,0,0
2026-06-02T22:15:01.260719+00:00,2026-06-02T22:15:01.260719+00:00,BTCUSD,"macd_{'fast_period': 5, 'slow_period': 13, 'signal_period': 5, 'stop_atr_mult': 0.4, 'tp_atr_mult': 1.2}","macd_{'fast_period': 5, 'slow_period': 13, 'signal_period': 5, 'stop_atr_mult': 0.4, 'tp_atr_mult': 1.2}:BTCUSD:1",SELL,67119.0,67279.88571428572,66632.34285714285,0.02,1.0,0,0,,0,0,1700,OPEN,,0,0,0
2026-06-02T22:15:01.298113+00:00,2026-06-02T22:15:01.298113+00:00,BTCUSD,"volatility_{'volatility_window': 10, 'volatility_threshold': 1.0, 'stop_atr_mult': 0.4, 'tp_atr_mult': 1.2}","volatility_{'volatility_window': 10, 'volatility_threshold': 1.0, 'stop_atr_mult': 0.4, 'tp_atr_mult': 1.2}:BTCUSD:1",SELL,67119.0,67279.88571428572,66632.34285714285,0.02,1.0,0,0,,0,0,1700,OPEN,,0,0,0
2026-06-02T22:15:01.336423+00:00,2026-06-02T22:15:01.336423+00:00,BTCUSD,"macd_{'fast_period': 5, 'slow_period': 13, 'signal_period': 5, 'stop_atr_mult': 0.4, 'tp_atr_mult': 1.2}","macd_{'fast_period': 5, 'slow_period': 13, 'signal_period': 5, 'stop_atr_mult': 0.4, 'tp_atr_mult': 1.2}:BTCUSD:1",SELL,67119.0,67279.88571428572,66632.34285714285,0.02,1.0,0,0,,0,0,1700,OPEN,,0,0,0
2026-06-02T22:30:00.802504+00:00,2026-06-02T22:30:00.802504+00:00,BTCUSD,"volatility_{'volatility_window': 10, 'volatility_threshold': 1.0, 'stop_atr_mult': 0.4, 'tp_atr_mult': 1.2}","volatility_{'volatility_window': 10, 'volatility_threshold': 1.0, 'stop_atr_mult': 0.4, 'tp_atr_mult': 1.2}:BTCUSD:1",SELL,67200.0,67357.32857142857,66680.0142857143,0.01,1.0,0,0,,0,0,1700,OPEN,,0,0,0
2026-06-02T22:30:00.841456+00:00,2026-06-02T22:30:00.841456+00:00,BTCUSD,"volatility_{'volatility_window': 10, 'volatility_threshold': 1.0, 'stop_atr_mult': 0.4, 'tp_atr_mult': 1.2}","volatility_{'volatility_window': 10, 'volatility_threshold': 1.0, 'stop_atr_mult': 0.4, 'tp_atr_mult': 1.2}:BTCUSD:1",SELL,67200.0,67357.32857142857,66680.0142857143,0.01,1.0,0,0,,0,0,1700,OPEN,,0,0,0
2026-06-02T22:30:00.882640+00:00,2026-06-02T22:30:00.882640+00:00,BTCUSD,"volatility_{'volatility_window': 10, 'volatility_threshold': 1.0, 'stop_atr_mult': 0.4, 'tp_atr_mult': 1.2}","volatility_{'volatility_window': 10, 'volatility_threshold': 1.0, 'stop_atr_mult': 0.4, 'tp_atr_mult': 1.2}:BTCUSD:1",SELL,67200.0,67357.32857142857,66680.0142857143,0.01,1.0,0,0,,0,0,1700,OPEN,,0,0,0
2026-06-02T22:45:00.939327+00:00,2026-06-02T22:45:00.939327+00:00,SP500,"macd_{'fast_period': 12, 'slow_period': 26, 'signal_period': 9, 'stop_atr_mult': 0.6, 'tp_atr_mult': 1.8}","macd_{'fast_period': 12, 'slow_period': 26, 'signal_period': 9, 'stop_atr_mult': 0.6, 'tp_atr_mult': 1.8}:SP500:1",BUY,7615.03,7612.556142857143,7621.451571428572,0.11,1.0,0,0,,0,0,15,OPEN,,0,0,0
2026-06-02T22:45:00.976577+00:00,2026-06-02T22:45:00.976577+00:00,SP500,"macd_{'fast_period': 12, 'slow_period': 26, 'signal_period': 9, 'stop_atr_mult': 0.6, 'tp_atr_mult': 1.8}","macd_{'fast_period': 12, 'slow_period': 26, 'signal_period': 9, 'stop_atr_mult': 0.6, 'tp_atr_mult': 1.8}:SP500:1",BUY,7615.03,7612.556142857143,7621.451571428572,0.11,1.0,0,0,,0,0,15,OPEN,,0,0,0
2026-06-02T22:45:01.018776+00:00,2026-06-02T22:45:01.018776+00:00,SP500,"macd_{'fast_period': 12, 'slow_period': 26, 'signal_period': 9, 'stop_atr_mult': 0.6, 'tp_atr_mult': 1.8}","macd_{'fast_period': 12, 'slow_period': 26, 'signal_period': 9, 'stop_atr_mult': 0.6, 'tp_atr_mult': 1.8}:SP500:1",BUY,7615.03,7612.556142857143,7621.451571428572,0.11,1.0,0,0,,0,0,15,OPEN,,0,0,0
2026-06-02T22:45:01.055915+00:00,2026-06-02T22:45:01.055915+00:00,BTCUSD,"macd_{'fast_period': 8, 'slow_period': 21, 'signal_period': 7, 'stop_atr_mult': 0.5, 'tp_atr_mult': 1.5}","macd_{'fast_period': 8, 'slow_period': 21, 'signal_period': 7, 'stop_atr_mult': 0.5, 'tp_atr_mult': 1.5}:BTCUSD:1",SELL,66836.0,67066.25,66171.25,0.01,1.0,0,0,,0,0,1700,OPEN,,0,0,0
2026-06-02T22:45:01.093462+00:00,2026-06-02T22:45:01.093462+00:00,BTCUSD,"volatility_{'volatility_window': 10, 'volatility_threshold': 1.0, 'stop_atr_mult': 0.4, 'tp_atr_mult': 1.2}","volatility_{'volatility_window': 10, 'volatility_threshold': 1.0, 'stop_atr_mult': 0.4, 'tp_atr_mult': 1.2}:BTCUSD:1",SELL,66836.0,67021.5,66305.5,0.01,1.0,0,0,,0,0,1700,OPEN,,0,0,0
2026-06-02T22:45:01.130521+00:00,2026-06-02T22:45:01.130521+00:00,BTCUSD,"macd_{'fast_period': 7, 'slow_period': 19, 'signal_period': 6, 'stop_atr_mult': 0.45, 'tp_atr_mult': 1.35}","macd_{'fast_period': 7, 'slow_period': 19, 'signal_period': 6, 'stop_atr_mult': 0.45, 'tp_atr_mult': 1.35}:BTCUSD:1",SELL,66836.0,67043.875,66238.375,0.01,1.0,0,0,,0,0,1700,OPEN,,0,0,0
2026-06-02T22:45:01.167603+00:00,2026-06-02T22:45:01.167603+00:00,BTCUSD,"macd_{'fast_period': 8, 'slow_period': 21, 'signal_period': 7, 'stop_atr_mult': 0.5, 'tp_atr_mult': 1.5}","macd_{'fast_period': 8, 'slow_period': 21, 'signal_period': 7, 'stop_atr_mult': 0.5, 'tp_atr_mult': 1.5}:BTCUSD:1",SELL,66836.0,67066.25,66171.25,0.01,1.0,0,0,,0,0,1700,OPEN,,0,0,0
2026-06-02T22:45:01.203872+00:00,2026-06-02T22:45:01.203872+00:00,BTCUSD,"volatility_{'volatility_window': 10, 'volatility_threshold': 1.0, 'stop_atr_mult': 0.4, 'tp_atr_mult': 1.2}","volatility_{'volatility_window': 10, 'volatility_threshold': 1.0, 'stop_atr_mult': 0.4, 'tp_atr_mult': 1.2}:BTCUSD:1",SELL,66836.0,67021.5,66305.5,0.01,1.0,0,0,,0,0,1700,OPEN,,0,0,0
2026-06-02T22:45:01.240373+00:00,2026-06-02T22:45:01.240373+00:00,BTCUSD,"macd_{'fast_period': 7, 'slow_period': 19, 'signal_period': 6, 'stop_atr_mult': 0.45, 'tp_atr_mult': 1.35}","macd_{'fast_period': 7, 'slow_period': 19, 'signal_period': 6, 'stop_atr_mult': 0.45, 'tp_atr_mult': 1.35}:BTCUSD:1",SELL,66837.0,67043.875,66238.375,0.01,1.0,0,0,,0,0,1700,OPEN,,0,0,0
2026-06-02T22:45:01.277777+00:00,2026-06-02T22:45:01.277777+00:00,BTCUSD,"macd_{'fast_period': 8, 'slow_period': 21, 'signal_period': 7, 'stop_atr_mult': 0.5, 'tp_atr_mult': 1.5}","macd_{'fast_period': 8, 'slow_period': 21, 'signal_period': 7, 'stop_atr_mult': 0.5, 'tp_atr_mult': 1.5}:BTCUSD:1",SELL,66837.0,67066.25,66171.25,0.01,1.0,0,0,,0,0,1700,OPEN,,0,0,0
2026-06-02T22:45:01.313529+00:00,2026-06-02T22:45:01.313529+00:00,BTCUSD,"volatility_{'volatility_window': 10, 'volatility_threshold': 1.0, 'stop_atr_mult': 0.4, 'tp_atr_mult': 1.2}","volatility_{'volatility_window': 10, 'volatility_threshold': 1.0, 'stop_atr_mult': 0.4, 'tp_atr_mult': 1.2}:BTCUSD:1",SELL,66837.0,67021.5,66305.5,0.01,1.0,0,0,,0,0,1700,OPEN,,0,0,0
2026-06-02T22:45:01.351258+00:00,2026-06-02T22:45:01.351258+00:00,BTCUSD,"macd_{'fast_period': 7, 'slow_period': 19, 'signal_period': 6, 'stop_atr_mult': 0.45, 'tp_atr_mult': 1.35}","macd_{'fast_period': 7, 'slow_period': 19, 'signal_period': 6, 'stop_atr_mult': 0.45, 'tp_atr_mult': 1.35}:BTCUSD:1",SELL,66837.0,67043.875,66238.375,0.01,1.0,0,0,,0,0,1700,OPEN,,0,0,0
2026-06-02T23:00:00.947883+00:00,2026-06-02T23:00:00.947883+00:00,BTCUSD,"bollinger_{'period': 20, 'std_dev': 2.0, 'stop_atr_mult': 0.6, 'tp_atr_mult': 1.5}","bollinger_{'period': 20, 'std_dev': 2.0, 'stop_atr_mult': 0.6, 'tp_atr_mult': 1.5}:BTCUSD:1",BUY,66333.5,66227.4255576528,67877.40714285715,0.05,1.0,0,0,,0,0,5100,OPEN,,0,0,0
2026-06-02T23:00:02.022581+00:00,2026-06-02T23:00:02.022581+00:00,BTCUSD,"volatility_{'volatility_window': 14, 'volatility_threshold': 1.2, 'stop_atr_mult': 0.5, 'tp_atr_mult': 1.5}","volatility_{'volatility_window': 14, 'volatility_threshold': 1.2, 'stop_atr_mult': 0.5, 'tp_atr_mult': 1.5}:BTCUSD:1",SELL,66307.0,66517.16071428571,65582.51785714286,0.01,1.0,0,0,,0,0,1700,OPEN,,0,0,0
2026-06-02T23:00:02.060432+00:00,2026-06-02T23:00:02.060432+00:00,BTCUSD,"bollinger_{'period': 25, 'std_dev': 2.5, 'stop_atr_mult': 0.7, 'tp_atr_mult': 1.8}","bollinger_{'period': 25, 'std_dev': 2.5, 'stop_atr_mult': 0.7, 'tp_atr_mult': 1.8}:BTCUSD:1",BUY,66324.0,66106.19798427333,68063.97857142857,0.02,1.0,0,0,,0,0,1700,OPEN,,0,0,0
2026-06-02T23:00:02.097019+00:00,2026-06-02T23:00:02.097019+00:00,BTCUSD,"bollinger_{'period': 18, 'std_dev': 1.8, 'stop_atr_mult': 0.55, 'tp_atr_mult': 1.4}","bollinger_{'period': 18, 'std_dev': 1.8, 'stop_atr_mult': 0.55, 'tp_atr_mult': 1.4}:BTCUSD:1",BUY,66324.0,66280.36753788627,67812.55555555556,0.86,1.0,0,0,,0,0,1700,OPEN,,0,0,0
2026-06-02T23:00:02.132643+00:00,2026-06-02T23:00:02.132643+00:00,BTCUSD,"bollinger_{'period': 22, 'std_dev': 2.2, 'stop_atr_mult': 0.65, 'tp_atr_mult': 1.6}","bollinger_{'period': 22, 'std_dev': 2.2, 'stop_atr_mult': 0.65, 'tp_atr_mult': 1.6}:BTCUSD:1",BUY,66324.0,66179.45008095782,67942.14610389611,0.03,1.0,0,0,,0,0,1700,OPEN,,0,0,0
2026-06-02T23:00:03.206697+00:00,2026-06-02T23:00:03.206697+00:00,BTCUSD,"volatility_{'volatility_window': 10, 'volatility_threshold': 1.0, 'stop_atr_mult': 0.4, 'tp_atr_mult': 1.2}","volatility_{'volatility_window': 10, 'volatility_threshold': 1.0, 'stop_atr_mult': 0.4, 'tp_atr_mult': 1.2}:BTCUSD:1",SELL,66243.5,66470.42857142857,65722.71428571429,0.01,1.0,0,0,,0,0,5100,OPEN,,0,0,0
2026-06-02T23:00:03.243771+00:00,2026-06-02T23:00:03.243771+00:00,BTCUSD,"macd_{'fast_period': 12, 'slow_period': 26, 'signal_period': 9, 'stop_atr_mult': 0.6, 'tp_atr_mult': 1.8}","macd_{'fast_period': 12, 'slow_period': 26, 'signal_period': 9, 'stop_atr_mult': 0.6, 'tp_atr_mult': 1.8}:BTCUSD:1",SELL,66243.5,66563.89285714286,65442.32142857143,0.01,1.0,0,0,,0,0,5100,OPEN,,0,0,0
2026-06-02T23:00:03.280651+00:00,2026-06-02T23:00:03.280651+00:00,BTCUSD,"macd_{'fast_period': 10, 'slow_period': 24, 'signal_period': 8, 'stop_atr_mult': 0.55, 'tp_atr_mult': 1.65}","macd_{'fast_period': 10, 'slow_period': 24, 'signal_period': 8, 'stop_atr_mult': 0.55, 'tp_atr_mult': 1.65}:BTCUSD:1",SELL,66243.5,66540.52678571429,65512.419642857145,0.01,1.0,0,0,,0,0,5100,OPEN,,0,0,0
2026-06-02T23:00:03.317609+00:00,2026-06-02T23:00:03.317609+00:00,BTCUSD,"bollinger_{'period': 20, 'std_dev': 2.0, 'stop_atr_mult': 0.6, 'tp_atr_mult': 1.5}","bollinger_{'period': 20, 'std_dev': 2.0, 'stop_atr_mult': 0.6, 'tp_atr_mult': 1.5}:BTCUSD:1",BUY,66294.5,66227.4255576528,67877.40714285715,0.05,1.0,0,0,,0,0,5100,OPEN,,0,0,0
2026-06-02T23:00:03.354772+00:00,2026-06-02T23:00:03.354772+00:00,BTCUSD,"volatility_{'volatility_window': 14, 'volatility_threshold': 1.2, 'stop_atr_mult': 0.5, 'tp_atr_mult': 1.5}","volatility_{'volatility_window': 14, 'volatility_threshold': 1.2, 'stop_atr_mult': 0.5, 'tp_atr_mult': 1.5}:BTCUSD:1",SELL,66243.5,66517.16071428571,65582.51785714286,0.01,1.0,0,0,,0,0,5100,OPEN,,0,0,0
2026-06-02T23:00:03.392444+00:00,2026-06-02T23:00:03.392444+00:00,BTCUSD,"bollinger_{'period': 25, 'std_dev': 2.5, 'stop_atr_mult': 0.7, 'tp_atr_mult': 1.8}","bollinger_{'period': 25, 'std_dev': 2.5, 'stop_atr_mult': 0.7, 'tp_atr_mult': 1.8}:BTCUSD:1",BUY,66294.5,66106.19798427333,68063.97857142857,0.01,1.0,0,0,,0,0,5100,OPEN,,0,0,0
2026-06-02T23:00:03.429856+00:00,2026-06-02T23:00:03.429856+00:00,BTCUSD,"bollinger_{'period': 22, 'std_dev': 2.2, 'stop_atr_mult': 0.65, 'tp_atr_mult': 1.6}","bollinger_{'period': 22, 'std_dev': 2.2, 'stop_atr_mult': 0.65, 'tp_atr_mult': 1.6}:BTCUSD:1",BUY,66289.5,66179.45008095782,67942.14610389611,0.02,1.0,0,0,,0,0,3200,OPEN,,0,0,0
2026-06-02T23:00:03.467617+00:00,2026-06-02T23:00:03.467617+00:00,BTCUSD,"volatility_{'volatility_window': 10, 'volatility_threshold': 1.0, 'stop_atr_mult': 0.4, 'tp_atr_mult': 1.2}","volatility_{'volatility_window': 10, 'volatility_threshold': 1.0, 'stop_atr_mult': 0.4, 'tp_atr_mult': 1.2}:BTCUSD:1",SELL,66257.5,66470.42857142857,65722.71428571429,0.01,1.0,0,0,,0,0,3200,OPEN,,0,0,0
2026-06-02T23:00:03.506020+00:00,2026-06-02T23:00:03.505017+00:00,BTCUSD,"macd_{'fast_period': 12, 'slow_period': 26, 'signal_period': 9, 'stop_atr_mult': 0.6, 'tp_atr_mult': 1.8}","macd_{'fast_period': 12, 'slow_period': 26, 'signal_period': 9, 'stop_atr_mult': 0.6, 'tp_atr_mult': 1.8}:BTCUSD:1",SELL,66257.5,66563.89285714286,65442.32142857143,0.01,1.0,0,0,,0,0,3200,OPEN,,0,0,0
2026-06-02T23:00:03.541734+00:00,2026-06-02T23:00:03.541734+00:00,BTCUSD,"macd_{'fast_period': 10, 'slow_period': 24, 'signal_period': 8, 'stop_atr_mult': 0.55, 'tp_atr_mult': 1.65}","macd_{'fast_period': 10, 'slow_period': 24, 'signal_period': 8, 'stop_atr_mult': 0.55, 'tp_atr_mult': 1.65}:BTCUSD:1",SELL,66257.5,66540.52678571429,65512.419642857145,0.01,1.0,0,0,,0,0,3200,OPEN,,0,0,0
2026-06-02T23:00:03.579089+00:00,2026-06-02T23:00:03.579089+00:00,BTCUSD,"bollinger_{'period': 20, 'std_dev': 2.0, 'stop_atr_mult': 0.6, 'tp_atr_mult': 1.5}","bollinger_{'period': 20, 'std_dev': 2.0, 'stop_atr_mult': 0.6, 'tp_atr_mult': 1.5}:BTCUSD:1",BUY,66289.5,66227.4255576528,67877.40714285715,0.05,1.0,0,0,,0,0,3200,OPEN,,0,0,0
2026-06-02T23:00:03.615314+00:00,2026-06-02T23:00:03.615314+00:00,BTCUSD,"volatility_{'volatility_window': 14, 'volatility_threshold': 1.2, 'stop_atr_mult': 0.5, 'tp_atr_mult': 1.5}","volatility_{'volatility_window': 14, 'volatility_threshold': 1.2, 'stop_atr_mult': 0.5, 'tp_atr_mult': 1.5}:BTCUSD:1",SELL,66273.5,66517.16071428571,65582.51785714286,0.01,1.0,0,0,,0,0,2000,OPEN,,0,0,0
2026-06-02T23:00:03.652980+00:00,2026-06-02T23:00:03.652980+00:00,BTCUSD,"bollinger_{'period': 25, 'std_dev': 2.5, 'stop_atr_mult': 0.7, 'tp_atr_mult': 1.8}","bollinger_{'period': 25, 'std_dev': 2.5, 'stop_atr_mult': 0.7, 'tp_atr_mult': 1.8}:BTCUSD:1",BUY,66293.5,66106.19798427333,68063.97857142857,0.01,1.0,0,0,,0,0,2000,OPEN,,0,0,0
2026-06-02T23:00:03.691672+00:00,2026-06-02T23:00:03.691672+00:00,BTCUSD,"bollinger_{'period': 22, 'std_dev': 2.2, 'stop_atr_mult': 0.65, 'tp_atr_mult': 1.6}","bollinger_{'period': 22, 'std_dev': 2.2, 'stop_atr_mult': 0.65, 'tp_atr_mult': 1.6}:BTCUSD:1",BUY,66293.5,66179.45008095782,67942.14610389611,0.02,1.0,0,0,,0,0,2000,OPEN,,0,0,0
2026-06-02T23:00:03.728506+00:00,2026-06-02T23:00:03.728506+00:00,BTCUSD,"volatility_{'volatility_window': 10, 'volatility_threshold': 1.0, 'stop_atr_mult': 0.4, 'tp_atr_mult': 1.2}","volatility_{'volatility_window': 10, 'volatility_threshold': 1.0, 'stop_atr_mult': 0.4, 'tp_atr_mult': 1.2}:BTCUSD:1",SELL,66273.5,66470.42857142857,65722.71428571429,0.01,1.0,0,0,,0,0,2000,OPEN,,0,0,0
2026-06-02T23:00:05.839389+00:00,2026-06-02T23:00:05.839389+00:00,BTCUSD,"macd_{'fast_period': 12, 'slow_period': 26, 'signal_period': 9, 'stop_atr_mult': 0.6, 'tp_atr_mult': 1.8}","macd_{'fast_period': 12, 'slow_period': 26, 'signal_period': 9, 'stop_atr_mult': 0.6, 'tp_atr_mult': 1.8}:BTCUSD:1",SELL,66244.5,66563.89285714286,65442.32142857143,0.01,1.0,0,0,,0,0,2300,OPEN,,0,0,0
2026-06-02T23:00:05.876699+00:00,2026-06-02T23:00:05.876699+00:00,BTCUSD,"macd_{'fast_period': 10, 'slow_period': 24, 'signal_period': 8, 'stop_atr_mult': 0.55, 'tp_atr_mult': 1.65}","macd_{'fast_period': 10, 'slow_period': 24, 'signal_period': 8, 'stop_atr_mult': 0.55, 'tp_atr_mult': 1.65}:BTCUSD:1",SELL,66244.5,66540.52678571429,65512.419642857145,0.01,1.0,0,0,,0,0,2300,OPEN,,0,0,0
2026-06-02T23:00:05.913145+00:00,2026-06-02T23:00:05.913145+00:00,XAUUSD,"macd_{'fast_period': 5, 'slow_period': 13, 'signal_period': 5, 'stop_atr_mult': 0.4, 'tp_atr_mult': 1.2}","macd_{'fast_period': 5, 'slow_period': 13, 'signal_period': 5, 'stop_atr_mult': 0.4, 'tp_atr_mult': 1.2}:XAUUSD:1",SELL,4485.58,4486.918571428571,4479.004285714285,0.01,1.0,0,0,,0,0,16,OPEN,,0,0,0
2026-06-02T23:00:05.951207+00:00,2026-06-02T23:00:05.951207+00:00,XAUUSD,"macd_{'fast_period': 5, 'slow_period': 13, 'signal_period': 5, 'stop_atr_mult': 0.4, 'tp_atr_mult': 1.2}","macd_{'fast_period': 5, 'slow_period': 13, 'signal_period': 5, 'stop_atr_mult': 0.4, 'tp_atr_mult': 1.2}:XAUUSD:1",SELL,4485.59,4486.918571428571,4479.004285714285,0.01,1.0,0,0,,0,0,16,OPEN,,0,0,0
2026-06-02T23:00:05.988388+00:00,2026-06-02T23:00:05.988388+00:00,XAUUSD,"macd_{'fast_period': 5, 'slow_period': 13, 'signal_period': 5, 'stop_atr_mult': 0.4, 'tp_atr_mult': 1.2}","macd_{'fast_period': 5, 'slow_period': 13, 'signal_period': 5, 'stop_atr_mult': 0.4, 'tp_atr_mult': 1.2}:XAUUSD:1",SELL,4485.59,4486.918571428571,4479.004285714285,0.01,1.0,0,0,,0,0,16,OPEN,,0,0,0
2026-06-02T23:00:06.026209+00:00,2026-06-02T23:00:06.026209+00:00,SP500,"macd_{'fast_period': 8, 'slow_period': 21, 'signal_period': 7, 'stop_atr_mult': 0.5, 'tp_atr_mult': 1.5}","macd_{'fast_period': 8, 'slow_period': 21, 'signal_period': 7, 'stop_atr_mult': 0.5, 'tp_atr_mult': 1.5}:SP500:1",SELL,7610.78,7612.754642857142,7604.856071428571,0.13,1.0,0,0,,0,0,15,OPEN,,0,0,0
2026-06-02T23:00:06.062101+00:00,2026-06-02T23:00:06.062101+00:00,SP500,"macd_{'fast_period': 5, 'slow_period': 13, 'signal_period': 5, 'stop_atr_mult': 0.4, 'tp_atr_mult': 1.2}","macd_{'fast_period': 5, 'slow_period': 13, 'signal_period': 5, 'stop_atr_mult': 0.4, 'tp_atr_mult': 1.2}:SP500:1",SELL,7610.78,7612.359714285714,7606.040857142857,0.16,1.0,0,0,,0,0,15,OPEN,,0,0,0
2026-06-02T23:00:06.099181+00:00,2026-06-02T23:00:06.099181+00:00,SP500,"macd_{'fast_period': 12, 'slow_period': 26, 'signal_period': 9, 'stop_atr_mult': 0.6, 'tp_atr_mult': 1.8}","macd_{'fast_period': 12, 'slow_period': 26, 'signal_period': 9, 'stop_atr_mult': 0.6, 'tp_atr_mult': 1.8}:SP500:1",SELL,7610.78,7613.149571428571,7603.671285714286,0.11,1.0,0,0,,0,0,15,OPEN,,0,0,0
2026-06-02T23:00:06.135465+00:00,2026-06-02T23:00:06.135465+00:00,SP500,"macd_{'fast_period': 7, 'slow_period': 19, 'signal_period': 6, 'stop_atr_mult': 0.45, 'tp_atr_mult': 1.35}","macd_{'fast_period': 7, 'slow_period': 19, 'signal_period': 6, 'stop_atr_mult': 0.45, 'tp_atr_mult': 1.35}:SP500:1",SELL,7610.78,7612.557178571428,7605.448464285714,0.15,1.0,0,0,,0,0,15,OPEN,,0,0,0
2026-06-02T23:00:06.172260+00:00,2026-06-02T23:00:06.172260+00:00,SP500,"macd_{'fast_period': 10, 'slow_period': 24, 'signal_period': 8, 'stop_atr_mult': 0.55, 'tp_atr_mult': 1.65}","macd_{'fast_period': 10, 'slow_period': 24, 'signal_period': 8, 'stop_atr_mult': 0.55, 'tp_atr_mult': 1.65}:SP500:1",SELL,7610.78,7612.952107142857,7604.2636785714285,0.12,1.0,0,0,,0,0,15,OPEN,,0,0,0
2026-06-02T23:00:06.209497+00:00,2026-06-02T23:00:06.209497+00:00,SP500,"macd_{'fast_period': 8, 'slow_period': 21, 'signal_period': 7, 'stop_atr_mult': 0.5, 'tp_atr_mult': 1.5}","macd_{'fast_period': 8, 'slow_period': 21, 'signal_period': 7, 'stop_atr_mult': 0.5, 'tp_atr_mult': 1.5}:SP500:1",SELL,7610.78,7612.754642857142,7604.856071428571,0.13,1.0,0,0,,0,0,15,OPEN,,0,0,0
2026-06-02T23:00:06.245621+00:00,2026-06-02T23:00:06.245621+00:00,SP500,"macd_{'fast_period': 5, 'slow_period': 13, 'signal_period': 5, 'stop_atr_mult': 0.4, 'tp_atr_mult': 1.2}","macd_{'fast_period': 5, 'slow_period': 13, 'signal_period': 5, 'stop_atr_mult': 0.4, 'tp_atr_mult': 1.2}:SP500:1",SELL,7610.78,7612.359714285714,7606.040857142857,0.16,1.0,0,0,,0,0,15,OPEN,,0,0,0
2026-06-02T23:00:06.283484+00:00,2026-06-02T23:00:06.283484+00:00,SP500,"macd_{'fast_period': 12, 'slow_period': 26, 'signal_period': 9, 'stop_atr_mult': 0.6, 'tp_atr_mult': 1.8}","macd_{'fast_period': 12, 'slow_period': 26, 'signal_period': 9, 'stop_atr_mult': 0.6, 'tp_atr_mult': 1.8}:SP500:1",SELL,7610.78,7613.149571428571,7603.671285714286,0.11,1.0,0,0,,0,0,15,OPEN,,0,0,0
2026-06-02T23:00:06.320020+00:00,2026-06-02T23:00:06.320020+00:00,SP500,"macd_{'fast_period': 7, 'slow_period': 19, 'signal_period': 6, 'stop_atr_mult': 0.45, 'tp_atr_mult': 1.35}","macd_{'fast_period': 7, 'slow_period': 19, 'signal_period': 6, 'stop_atr_mult': 0.45, 'tp_atr_mult': 1.35}:SP500:1",SELL,7610.78,7612.557178571428,7605.448464285714,0.15,1.0,0,0,,0,0,15,OPEN,,0,0,0
2026-06-02T23:00:06.357450+00:00,2026-06-02T23:00:06.356462+00:00,SP500,"macd_{'fast_period': 10, 'slow_period': 24, 'signal_period': 8, 'stop_atr_mult': 0.55, 'tp_atr_mult': 1.65}","macd_{'fast_period': 10, 'slow_period': 24, 'signal_period': 8, 'stop_atr_mult': 0.55, 'tp_atr_mult': 1.65}:SP500:1",SELL,7610.78,7612.952107142857,7604.2636785714285,0.12,1.0,0,0,,0,0,15,OPEN,,0,0,0
2026-06-02T23:00:06.393827+00:00,2026-06-02T23:00:06.393827+00:00,SP500,"macd_{'fast_period': 8, 'slow_period': 21, 'signal_period': 7, 'stop_atr_mult': 0.5, 'tp_atr_mult': 1.5}","macd_{'fast_period': 8, 'slow_period': 21, 'signal_period': 7, 'stop_atr_mult': 0.5, 'tp_atr_mult': 1.5}:SP500:1",SELL,7610.78,7612.754642857142,7604.856071428571,0.13,1.0,0,0,,0,0,15,OPEN,,0,0,0
2026-06-02T23:00:06.430348+00:00,2026-06-02T23:00:06.430348+00:00,SP500,"macd_{'fast_period': 5, 'slow_period': 13, 'signal_period': 5, 'stop_atr_mult': 0.4, 'tp_atr_mult': 1.2}","macd_{'fast_period': 5, 'slow_period': 13, 'signal_period': 5, 'stop_atr_mult': 0.4, 'tp_atr_mult': 1.2}:SP500:1",SELL,7610.78,7612.359714285714,7606.040857142857,0.16,1.0,0,0,,0,0,15,OPEN,,0,0,0
2026-06-02T23:00:06.468131+00:00,2026-06-02T23:00:06.468131+00:00,SP500,"macd_{'fast_period': 12, 'slow_period': 26, 'signal_period': 9, 'stop_atr_mult': 0.6, 'tp_atr_mult': 1.8}","macd_{'fast_period': 12, 'slow_period': 26, 'signal_period': 9, 'stop_atr_mult': 0.6, 'tp_atr_mult': 1.8}:SP500:1",SELL,7610.78,7613.149571428571,7603.671285714286,0.11,1.0,0,0,,0,0,15,OPEN,,0,0,0
2026-06-02T23:00:06.505218+00:00,2026-06-02T23:00:06.505218+00:00,SP500,"macd_{'fast_period': 7, 'slow_period': 19, 'signal_period': 6, 'stop_atr_mult': 0.45, 'tp_atr_mult': 1.35}","macd_{'fast_period': 7, 'slow_period': 19, 'signal_period': 6, 'stop_atr_mult': 0.45, 'tp_atr_mult': 1.35}:SP500:1",SELL,7610.78,7612.557178571428,7605.448464285714,0.15,1.0,0,0,,0,0,15,OPEN,,0,0,0
2026-06-02T23:00:06.542655+00:00,2026-06-02T23:00:06.542655+00:00,SP500,"macd_{'fast_period': 10, 'slow_period': 24, 'signal_period': 8, 'stop_atr_mult': 0.55, 'tp_atr_mult': 1.65}","macd_{'fast_period': 10, 'slow_period': 24, 'signal_period': 8, 'stop_atr_mult': 0.55, 'tp_atr_mult': 1.65}:SP500:1",SELL,7610.78,7612.952107142857,7604.2636785714285,0.12,1.0,0,0,,0,0,15,OPEN,,0,0,0
2026-06-02T23:15:00.907770+00:00,2026-06-02T23:15:00.907770+00:00,BTCUSD,"volatility_{'volatility_window': 14, 'volatility_threshold': 1.2, 'stop_atr_mult': 0.5, 'tp_atr_mult': 1.5}","volatility_{'volatility_window': 14, 'volatility_threshold': 1.2, 'stop_atr_mult': 0.5, 'tp_atr_mult': 1.5}:BTCUSD:1",SELL,66592.0,66818.66071428571,65904.01785714286,0.01,1.0,0,0,,0,0,1700,OPEN,,0,0,0
2026-06-02T23:15:00.945669+00:00,2026-06-02T23:15:00.945669+00:00,BTCUSD,"bollinger_{'period': 15, 'std_dev': 1.5, 'stop_atr_mult': 0.5, 'tp_atr_mult': 1.3}","bollinger_{'period': 15, 'std_dev': 1.5, 'stop_atr_mult': 0.5, 'tp_atr_mult': 1.3}:BTCUSD:1",BUY,66609.0,66303.0753963953,67725.35119047618,0.01,1.0,0,0,,0,0,1700,OPEN,,0,0,0
2026-06-02T23:15:00.982567+00:00,2026-06-02T23:15:00.982567+00:00,BTCUSD,"volatility_{'volatility_window': 10, 'volatility_threshold': 1.0, 'stop_atr_mult': 0.4, 'tp_atr_mult': 1.2}","volatility_{'volatility_window': 10, 'volatility_threshold': 1.0, 'stop_atr_mult': 0.4, 'tp_atr_mult': 1.2}:BTCUSD:1",SELL,66592.0,66772.92857142857,66041.21428571429,0.02,1.0,0,0,,0,0,1700,OPEN,,0,0,0
2026-06-02T23:15:01.019535+00:00,2026-06-02T23:15:01.019535+00:00,BTCUSD,"volatility_{'volatility_window': 14, 'volatility_threshold': 1.2, 'stop_atr_mult': 0.5, 'tp_atr_mult': 1.5}","volatility_{'volatility_window': 14, 'volatility_threshold': 1.2, 'stop_atr_mult': 0.5, 'tp_atr_mult': 1.5}:BTCUSD:1",SELL,66592.0,66818.66071428571,65904.01785714286,0.01,1.0,0,0,,0,0,1700,OPEN,,0,0,0
2026-06-02T23:15:01.056923+00:00,2026-06-02T23:15:01.056923+00:00,BTCUSD,"bollinger_{'period': 15, 'std_dev': 1.5, 'stop_atr_mult': 0.5, 'tp_atr_mult': 1.3}","bollinger_{'period': 15, 'std_dev': 1.5, 'stop_atr_mult': 0.5, 'tp_atr_mult': 1.3}:BTCUSD:1",BUY,66609.0,66303.0753963953,67725.35119047618,0.01,1.0,0,0,,0,0,1700,OPEN,,0,0,0
2026-06-02T23:15:01.095938+00:00,2026-06-02T23:15:01.095938+00:00,BTCUSD,"volatility_{'volatility_window': 10, 'volatility_threshold': 1.0, 'stop_atr_mult': 0.4, 'tp_atr_mult': 1.2}","volatility_{'volatility_window': 10, 'volatility_threshold': 1.0, 'stop_atr_mult': 0.4, 'tp_atr_mult': 1.2}:BTCUSD:1",SELL,66592.0,66772.92857142857,66041.21428571429,0.02,1.0,0,0,,0,0,1700,OPEN,,0,0,0
2026-06-02T23:15:01.132323+00:00,2026-06-02T23:15:01.132323+00:00,BTCUSD,"volatility_{'volatility_window': 14, 'volatility_threshold': 1.2, 'stop_atr_mult': 0.5, 'tp_atr_mult': 1.5}","volatility_{'volatility_window': 14, 'volatility_threshold': 1.2, 'stop_atr_mult': 0.5, 'tp_atr_mult': 1.5}:BTCUSD:1",SELL,66592.0,66818.66071428571,65904.01785714286,0.01,1.0,0,0,,0,0,1700,OPEN,,0,0,0
2026-06-02T23:15:01.169644+00:00,2026-06-02T23:15:01.169644+00:00,BTCUSD,"bollinger_{'period': 15, 'std_dev': 1.5, 'stop_atr_mult': 0.5, 'tp_atr_mult': 1.3}","bollinger_{'period': 15, 'std_dev': 1.5, 'stop_atr_mult': 0.5, 'tp_atr_mult': 1.3}:BTCUSD:1",BUY,66609.0,66303.0753963953,67725.35119047618,0.01,1.0,0,0,,0,0,1700,OPEN,,0,0,0
2026-06-02T23:15:01.206123+00:00,2026-06-02T23:15:01.206123+00:00,BTCUSD,"volatility_{'volatility_window': 10, 'volatility_threshold': 1.0, 'stop_atr_mult': 0.4, 'tp_atr_mult': 1.2}","volatility_{'volatility_window': 10, 'volatility_threshold': 1.0, 'stop_atr_mult': 0.4, 'tp_atr_mult': 1.2}:BTCUSD:1",SELL,66592.0,66772.92857142857,66041.21428571429,0.02,1.0,0,0,,0,0,1700,OPEN,,0,0,0
2026-06-02T23:15:01.242905+00:00,2026-06-02T23:15:01.242905+00:00,SP500,"bollinger_{'period': 15, 'std_dev': 1.5, 'stop_atr_mult': 0.5, 'tp_atr_mult': 1.3}","bollinger_{'period': 15, 'std_dev': 1.5, 'stop_atr_mult': 0.5, 'tp_atr_mult': 1.3}:SP500:1",BUY,7605.23,7603.030541508276,7615.874547619048,0.13,1.0,0,0,,0,0,15,OPEN,,0,0,0
2026-06-02T23:15:01.278959+00:00,2026-06-02T23:15:01.278959+00:00,SP500,"volatility_{'volatility_window': 10, 'volatility_threshold': 1.0, 'stop_atr_mult': 0.4, 'tp_atr_mult': 1.2}","volatility_{'volatility_window': 10, 'volatility_threshold': 1.0, 'stop_atr_mult': 0.4, 'tp_atr_mult': 1.2}:SP500:1",SELL,7605.08,7606.811142857143,7600.286571428572,0.17,1.0,0,0,,0,0,15,OPEN,,0,0,0
2026-06-02T23:15:01.316651+00:00,2026-06-02T23:15:01.316651+00:00,SP500,"bollinger_{'period': 15, 'std_dev': 1.5, 'stop_atr_mult': 0.5, 'tp_atr_mult': 1.3}","bollinger_{'period': 15, 'std_dev': 1.5, 'stop_atr_mult': 0.5, 'tp_atr_mult': 1.3}:SP500:1",BUY,7605.23,7603.030541508276,7615.874547619048,0.13,1.0,0,0,,0,0,15,OPEN,,0,0,0
2026-06-02T23:15:01.352235+00:00,2026-06-02T23:15:01.352235+00:00,SP500,"volatility_{'volatility_window': 10, 'volatility_threshold': 1.0, 'stop_atr_mult': 0.4, 'tp_atr_mult': 1.2}","volatility_{'volatility_window': 10, 'volatility_threshold': 1.0, 'stop_atr_mult': 0.4, 'tp_atr_mult': 1.2}:SP500:1",SELL,7605.08,7606.811142857143,7600.286571428572,0.17,1.0,0,0,,0,0,15,OPEN,,0,0,0
2026-06-02T23:15:01.390525+00:00,2026-06-02T23:15:01.390525+00:00,SP500,"bollinger_{'period': 15, 'std_dev': 1.5, 'stop_atr_mult': 0.5, 'tp_atr_mult': 1.3}","bollinger_{'period': 15, 'std_dev': 1.5, 'stop_atr_mult': 0.5, 'tp_atr_mult': 1.3}:SP500:1",BUY,7605.23,7603.030541508276,7615.874547619048,0.13,1.0,0,0,,0,0,15,OPEN,,0,0,0
2026-06-02T23:15:01.426178+00:00,2026-06-02T23:15:01.426178+00:00,SP500,"volatility_{'volatility_window': 10, 'volatility_threshold': 1.0, 'stop_atr_mult': 0.4, 'tp_atr_mult': 1.2}","volatility_{'volatility_window': 10, 'volatility_threshold': 1.0, 'stop_atr_mult': 0.4, 'tp_atr_mult': 1.2}:SP500:1",SELL,7605.08,7606.811142857143,7600.286571428572,0.17,1.0,0,0,,0,0,15,OPEN,,0,0,0
2026-06-02T23:15:01.464698+00:00,2026-06-02T23:15:01.464698+00:00,XAUUSD,"macd_{'fast_period': 8, 'slow_period': 21, 'signal_period': 7, 'stop_atr_mult': 0.5, 'tp_atr_mult': 1.5}","macd_{'fast_period': 8, 'slow_period': 21, 'signal_period': 7, 'stop_atr_mult': 0.5, 'tp_atr_mult': 1.5}:XAUUSD:1",SELL,4477.11,4480.0992857142855,4469.7021428571425,0.01,1.0,0,0,,0,0,18,OPEN,,0,0,0
2026-06-02T23:15:01.502439+00:00,2026-06-02T23:15:01.502439+00:00,XAUUSD,"bollinger_{'period': 25, 'std_dev': 2.5, 'stop_atr_mult': 0.7, 'tp_atr_mult': 1.8}","bollinger_{'period': 25, 'std_dev': 2.5, 'stop_atr_mult': 0.7, 'tp_atr_mult': 1.8}:XAUUSD:1",BUY,4477.29,4474.647626615355,4497.449828571428,0.01,1.0,0,0,,0,0,18,OPEN,,0,0,0
2026-06-02T23:15:01.540575+00:00,2026-06-02T23:15:01.540575+00:00,XAUUSD,"bollinger_{'period': 22, 'std_dev': 2.2, 'stop_atr_mult': 0.65, 'tp_atr_mult': 1.6}","bollinger_{'period': 22, 'std_dev': 2.2, 'stop_atr_mult': 0.65, 'tp_atr_mult': 1.6}:XAUUSD:1",BUY,4477.29,4476.505205680649,4495.7631688311685,0.03,1.0,0,0,,0,0,18,OPEN,,0,0,0
2026-06-02T23:15:01.576459+00:00,2026-06-02T23:15:01.576459+00:00,XAUUSD,"macd_{'fast_period': 7, 'slow_period': 19, 'signal_period': 6, 'stop_atr_mult': 0.45, 'tp_atr_mult': 1.35}","macd_{'fast_period': 7, 'slow_period': 19, 'signal_period': 6, 'stop_atr_mult': 0.45, 'tp_atr_mult': 1.35}:XAUUSD:1",SELL,4477.11,4479.839357142857,4470.481928571428,0.01,1.0,0,0,,0,0,18,OPEN,,0,0,0
2026-06-02T23:15:01.614013+00:00,2026-06-02T23:15:01.614013+00:00,XAUUSD,"macd_{'fast_period': 8, 'slow_period': 21, 'signal_period': 7, 'stop_atr_mult': 0.5, 'tp_atr_mult': 1.5}","macd_{'fast_period': 8, 'slow_period': 21, 'signal_period': 7, 'stop_atr_mult': 0.5, 'tp_atr_mult': 1.5}:XAUUSD:1",SELL,4477.11,4480.0992857142855,4469.7021428571425,0.01,1.0,0,0,,0,0,18,OPEN,,0,0,0
2026-06-02T23:15:01.652340+00:00,2026-06-02T23:15:01.652340+00:00,XAUUSD,"bollinger_{'period': 25, 'std_dev': 2.5, 'stop_atr_mult': 0.7, 'tp_atr_mult': 1.8}","bollinger_{'period': 25, 'std_dev': 2.5, 'stop_atr_mult': 0.7, 'tp_atr_mult': 1.8}:XAUUSD:1",BUY,4477.29,4474.647626615355,4497.449828571428,0.01,1.0,0,0,,0,0,18,OPEN,,0,0,0
2026-06-02T23:15:01.689406+00:00,2026-06-02T23:15:01.689406+00:00,XAUUSD,"bollinger_{'period': 22, 'std_dev': 2.2, 'stop_atr_mult': 0.65, 'tp_atr_mult': 1.6}","bollinger_{'period': 22, 'std_dev': 2.2, 'stop_atr_mult': 0.65, 'tp_atr_mult': 1.6}:XAUUSD:1",BUY,4477.29,4476.505205680649,4495.7631688311685,0.03,1.0,0,0,,0,0,18,OPEN,,0,0,0
2026-06-02T23:15:01.727373+00:00,2026-06-02T23:15:01.727373+00:00,XAUUSD,"macd_{'fast_period': 7, 'slow_period': 19, 'signal_period': 6, 'stop_atr_mult': 0.45, 'tp_atr_mult': 1.35}","macd_{'fast_period': 7, 'slow_period': 19, 'signal_period': 6, 'stop_atr_mult': 0.45, 'tp_atr_mult': 1.35}:XAUUSD:1",SELL,4477.11,4479.839357142857,4470.481928571428,0.01,1.0,0,0,,0,0,18,OPEN,,0,0,0
2026-06-02T23:15:01.764872+00:00,2026-06-02T23:15:01.764872+00:00,XAUUSD,"macd_{'fast_period': 8, 'slow_period': 21, 'signal_period': 7, 'stop_atr_mult': 0.5, 'tp_atr_mult': 1.5}","macd_{'fast_period': 8, 'slow_period': 21, 'signal_period': 7, 'stop_atr_mult': 0.5, 'tp_atr_mult': 1.5}:XAUUSD:1",SELL,4476.98,4480.0992857142855,4469.7021428571425,0.01,1.0,0,0,,0,0,18,OPEN,,0,0,0
2026-06-02T23:15:01.802273+00:00,2026-06-02T23:15:01.802273+00:00,XAUUSD,"bollinger_{'period': 25, 'std_dev': 2.5, 'stop_atr_mult': 0.7, 'tp_atr_mult': 1.8}","bollinger_{'period': 25, 'std_dev': 2.5, 'stop_atr_mult': 0.7, 'tp_atr_mult': 1.8}:XAUUSD:1",BUY,4477.16,4474.647626615355,4497.449828571428,0.01,1.0,0,0,,0,0,18,OPEN,,0,0,0
2026-06-02T23:15:01.840486+00:00,2026-06-02T23:15:01.840486+00:00,XAUUSD,"bollinger_{'period': 22, 'std_dev': 2.2, 'stop_atr_mult': 0.65, 'tp_atr_mult': 1.6}","bollinger_{'period': 22, 'std_dev': 2.2, 'stop_atr_mult': 0.65, 'tp_atr_mult': 1.6}:XAUUSD:1",BUY,4477.16,4476.505205680649,4495.7631688311685,0.03,1.0,0,0,,0,0,18,OPEN,,0,0,0
2026-06-02T23:15:01.878120+00:00,2026-06-02T23:15:01.878120+00:00,XAUUSD,"macd_{'fast_period': 7, 'slow_period': 19, 'signal_period': 6, 'stop_atr_mult': 0.45, 'tp_atr_mult': 1.35}","macd_{'fast_period': 7, 'slow_period': 19, 'signal_period': 6, 'stop_atr_mult': 0.45, 'tp_atr_mult': 1.35}:XAUUSD:1",SELL,4476.97,4479.839357142857,4470.481928571428,0.01,1.0,0,0,,0,0,18,OPEN,,0,0,0
2026-06-02T23:30:00.940683+00:00,2026-06-02T23:30:00.940683+00:00,BTCUSD,"bollinger_{'period': 20, 'std_dev': 2.0, 'stop_atr_mult': 0.6, 'tp_atr_mult': 1.5}","bollinger_{'period': 20, 'std_dev': 2.0, 'stop_atr_mult': 0.6, 'tp_atr_mult': 1.5}:BTCUSD:1",BUY,66342.0,66034.95799443075,67769.86428571428,0.01,1.0,0,0,,0,0,1700,OPEN,,0,0,0
2026-06-02T23:30:00.977754+00:00,2026-06-02T23:30:00.977754+00:00,BTCUSD,"volatility_{'volatility_window': 14, 'volatility_threshold': 1.2, 'stop_atr_mult': 0.5, 'tp_atr_mult': 1.5}","volatility_{'volatility_window': 14, 'volatility_threshold': 1.2, 'stop_atr_mult': 0.5, 'tp_atr_mult': 1.5}:BTCUSD:1",SELL,66325.0,66575.32142857143,65668.03571428571,0.01,1.0,0,0,,0,0,1700,OPEN,,0,0,0
2026-06-02T23:30:01.019821+00:00,2026-06-02T23:30:01.019821+00:00,BTCUSD,"bollinger_{'period': 15, 'std_dev': 1.5, 'stop_atr_mult': 0.5, 'tp_atr_mult': 1.3}","bollinger_{'period': 15, 'std_dev': 1.5, 'stop_atr_mult': 0.5, 'tp_atr_mult': 1.3}:BTCUSD:1",BUY,66342.0,66210.67436654703,67689.60238095238,0.02,1.0,0,0,,0,0,1700,OPEN,,0,0,0
2026-06-02T23:30:01.056821+00:00,2026-06-02T23:30:01.056821+00:00,BTCUSD,"bollinger_{'period': 18, 'std_dev': 1.8, 'stop_atr_mult': 0.55, 'tp_atr_mult': 1.4}","bollinger_{'period': 18, 'std_dev': 1.8, 'stop_atr_mult': 0.55, 'tp_atr_mult': 1.4}:BTCUSD:1",BUY,66339.0,66086.99780666166,67712.43333333333,0.01,1.0,0,0,,0,0,1700,OPEN,,0,0,0
2026-06-02T23:30:01.094786+00:00,2026-06-02T23:30:01.094786+00:00,BTCUSD,"bollinger_{'period': 22, 'std_dev': 2.2, 'stop_atr_mult': 0.65, 'tp_atr_mult': 1.6}","bollinger_{'period': 22, 'std_dev': 2.2, 'stop_atr_mult': 0.65, 'tp_atr_mult': 1.6}:BTCUSD:1",BUY,66339.0,65977.21980780603,67837.96493506494,0.01,1.0,0,0,,0,0,1700,OPEN,,0,0,0
2026-06-02T23:30:01.132618+00:00,2026-06-02T23:30:01.132618+00:00,BTCUSD,"volatility_{'volatility_window': 10, 'volatility_threshold': 1.0, 'stop_atr_mult': 0.4, 'tp_atr_mult': 1.2}","volatility_{'volatility_window': 10, 'volatility_threshold': 1.0, 'stop_atr_mult': 0.4, 'tp_atr_mult': 1.2}:BTCUSD:1",SELL,66322.0,66529.95714285714,65804.12857142858,0.02,1.0,0,0,,0,0,1700,OPEN,,0,0,0
2026-06-02T23:30:01.170596+00:00,2026-06-02T23:30:01.170596+00:00,BTCUSD,"bollinger_{'period': 20, 'std_dev': 2.0, 'stop_atr_mult': 0.6, 'tp_atr_mult': 1.5}","bollinger_{'period': 20, 'std_dev': 2.0, 'stop_atr_mult': 0.6, 'tp_atr_mult': 1.5}:BTCUSD:1",BUY,66339.0,66034.95799443075,67769.86428571428,0.01,1.0,0,0,,0,0,1700,OPEN,,0,0,0
2026-06-02T23:30:01.207187+00:00,2026-06-02T23:30:01.207187+00:00,BTCUSD,"volatility_{'volatility_window': 14, 'volatility_threshold': 1.2, 'stop_atr_mult': 0.5, 'tp_atr_mult': 1.5}","volatility_{'volatility_window': 14, 'volatility_threshold': 1.2, 'stop_atr_mult': 0.5, 'tp_atr_mult': 1.5}:BTCUSD:1",SELL,66322.0,66575.32142857143,65668.03571428571,0.01,1.0,0,0,,0,0,1700,OPEN,,0,0,0
2026-06-02T23:30:01.245175+00:00,2026-06-02T23:30:01.245175+00:00,BTCUSD,"bollinger_{'period': 15, 'std_dev': 1.5, 'stop_atr_mult': 0.5, 'tp_atr_mult': 1.3}","bollinger_{'period': 15, 'std_dev': 1.5, 'stop_atr_mult': 0.5, 'tp_atr_mult': 1.3}:BTCUSD:1",BUY,66337.0,66210.67436654703,67689.60238095238,0.02,1.0,0,0,,0,0,1700,OPEN,,0,0,0
2026-06-02T23:30:01.283495+00:00,2026-06-02T23:30:01.283495+00:00,BTCUSD,"bollinger_{'period': 18, 'std_dev': 1.8, 'stop_atr_mult': 0.55, 'tp_atr_mult': 1.4}","bollinger_{'period': 18, 'std_dev': 1.8, 'stop_atr_mult': 0.55, 'tp_atr_mult': 1.4}:BTCUSD:1",BUY,66337.0,66086.99780666166,67712.43333333333,0.01,1.0,0,0,,0,0,1700,OPEN,,0,0,0
2026-06-02T23:30:01.321264+00:00,2026-06-02T23:30:01.321264+00:00,BTCUSD,"bollinger_{'period': 22, 'std_dev': 2.2, 'stop_atr_mult': 0.65, 'tp_atr_mult': 1.6}","bollinger_{'period': 22, 'std_dev': 2.2, 'stop_atr_mult': 0.65, 'tp_atr_mult': 1.6}:BTCUSD:1",BUY,66337.0,65977.21980780603,67837.96493506494,0.01,1.0,0,0,,0,0,1700,OPEN,,0,0,0
2026-06-02T23:30:01.358774+00:00,2026-06-02T23:30:01.358774+00:00,BTCUSD,"volatility_{'volatility_window': 10, 'volatility_threshold': 1.0, 'stop_atr_mult': 0.4, 'tp_atr_mult': 1.2}","volatility_{'volatility_window': 10, 'volatility_threshold': 1.0, 'stop_atr_mult': 0.4, 'tp_atr_mult': 1.2}:BTCUSD:1",SELL,66320.0,66529.95714285714,65804.12857142858,0.02,1.0,0,0,,0,0,1700,OPEN,,0,0,0
2026-06-02T23:30:01.396277+00:00,2026-06-02T23:30:01.396277+00:00,BTCUSD,"bollinger_{'period': 20, 'std_dev': 2.0, 'stop_atr_mult': 0.6, 'tp_atr_mult': 1.5}","bollinger_{'period': 20, 'std_dev': 2.0, 'stop_atr_mult': 0.6, 'tp_atr_mult': 1.5}:BTCUSD:1",BUY,66337.0,66034.95799443075,67769.86428571428,0.01,1.0,0,0,,0,0,1700,OPEN,,0,0,0
2026-06-02T23:30:01.433450+00:00,2026-06-02T23:30:01.433450+00:00,BTCUSD,"volatility_{'volatility_window': 14, 'volatility_threshold': 1.2, 'stop_atr_mult': 0.5, 'tp_atr_mult': 1.5}","volatility_{'volatility_window': 14, 'volatility_threshold': 1.2, 'stop_atr_mult': 0.5, 'tp_atr_mult': 1.5}:BTCUSD:1",SELL,66320.0,66575.32142857143,65668.03571428571,0.01,1.0,0,0,,0,0,1700,OPEN,,0,0,0
2026-06-02T23:30:01.470478+00:00,2026-06-02T23:30:01.470478+00:00,BTCUSD,"bollinger_{'period': 15, 'std_dev': 1.5, 'stop_atr_mult': 0.5, 'tp_atr_mult': 1.3}","bollinger_{'period': 15, 'std_dev': 1.5, 'stop_atr_mult': 0.5, 'tp_atr_mult': 1.3}:BTCUSD:1",BUY,66329.0,66210.67436654703,67689.60238095238,0.02,1.0,0,0,,0,0,1700,OPEN,,0,0,0
2026-06-02T23:30:01.509222+00:00,2026-06-02T23:30:01.509222+00:00,BTCUSD,"bollinger_{'period': 18, 'std_dev': 1.8, 'stop_atr_mult': 0.55, 'tp_atr_mult': 1.4}","bollinger_{'period': 18, 'std_dev': 1.8, 'stop_atr_mult': 0.55, 'tp_atr_mult': 1.4}:BTCUSD:1",BUY,66329.0,66086.99780666166,67712.43333333333,0.01,1.0,0,0,,0,0,1700,OPEN,,0,0,0
2026-06-02T23:30:01.547441+00:00,2026-06-02T23:30:01.547441+00:00,BTCUSD,"bollinger_{'period': 22, 'std_dev': 2.2, 'stop_atr_mult': 0.65, 'tp_atr_mult': 1.6}","bollinger_{'period': 22, 'std_dev': 2.2, 'stop_atr_mult': 0.65, 'tp_atr_mult': 1.6}:BTCUSD:1",BUY,66329.0,65977.21980780603,67837.96493506494,0.01,1.0,0,0,,0,0,1700,OPEN,,0,0,0
2026-06-02T23:30:01.583457+00:00,2026-06-02T23:30:01.583457+00:00,BTCUSD,"volatility_{'volatility_window': 10, 'volatility_threshold': 1.0, 'stop_atr_mult': 0.4, 'tp_atr_mult': 1.2}","volatility_{'volatility_window': 10, 'volatility_threshold': 1.0, 'stop_atr_mult': 0.4, 'tp_atr_mult': 1.2}:BTCUSD:1",SELL,66312.0,66529.95714285714,65804.12857142858,0.02,1.0,0,0,,0,0,1700,OPEN,,0,0,0
2026-06-02T23:30:01.621525+00:00,2026-06-02T23:30:01.621525+00:00,SP500,"bollinger_{'period': 20, 'std_dev': 2.0, 'stop_atr_mult': 0.6, 'tp_atr_mult': 1.5}","bollinger_{'period': 20, 'std_dev': 2.0, 'stop_atr_mult': 0.6, 'tp_atr_mult': 1.5}:SP500:1",BUY,7598.5,7597.919841457712,7616.362214285715,0.16,1.0,0,0,,0,0,30,OPEN,,0,0,0
2026-06-02T23:30:01.660336+00:00,2026-06-02T23:30:01.660336+00:00,SP500,"bollinger_{'period': 25, 'std_dev': 2.5, 'stop_atr_mult': 0.7, 'tp_atr_mult': 1.8}","bollinger_{'period': 25, 'std_dev': 2.5, 'stop_atr_mult': 0.7, 'tp_atr_mult': 1.8}:SP500:1",BUY,7598.5,7595.914912088437,7618.355057142858,0.08,1.0,0,0,,0,0,30,OPEN,,0,0,0
2026-06-02T23:30:01.697956+00:00,2026-06-02T23:30:01.697956+00:00,SP500,"bollinger_{'period': 22, 'std_dev': 2.2, 'stop_atr_mult': 0.65, 'tp_atr_mult': 1.6}","bollinger_{'period': 22, 'std_dev': 2.2, 'stop_atr_mult': 0.65, 'tp_atr_mult': 1.6}:SP500:1",BUY,7598.5,7596.917752108254,7617.070337662339,0.1,1.0,0,0,,0,0,30,OPEN,,0,0,0
2026-06-02T23:30:01.736445+00:00,2026-06-02T23:30:01.736445+00:00,SP500,"volatility_{'volatility_window': 10, 'volatility_threshold': 1.0, 'stop_atr_mult': 0.4, 'tp_atr_mult': 1.2}","volatility_{'volatility_window': 10, 'volatility_threshold': 1.0, 'stop_atr_mult': 0.4, 'tp_atr_mult': 1.2}:SP500:1",SELL,7598.1,7601.604857142857,7593.985428571428,0.15,1.0,0,0,,0,0,30,OPEN,,0,0,0
2026-06-02T23:30:01.774240+00:00,2026-06-02T23:30:01.774240+00:00,SP500,"bollinger_{'period': 20, 'std_dev': 2.0, 'stop_atr_mult': 0.6, 'tp_atr_mult': 1.5}","bollinger_{'period': 20, 'std_dev': 2.0, 'stop_atr_mult': 0.6, 'tp_atr_mult': 1.5}:SP500:1",BUY,7598.4,7597.919841457712,7616.362214285715,0.16,1.0,0,0,,0,0,30,OPEN,,0,0,0
2026-06-02T23:30:01.810703+00:00,2026-06-02T23:30:01.810703+00:00,SP500,"bollinger_{'period': 25, 'std_dev': 2.5, 'stop_atr_mult': 0.7, 'tp_atr_mult': 1.8}","bollinger_{'period': 25, 'std_dev': 2.5, 'stop_atr_mult': 0.7, 'tp_atr_mult': 1.8}:SP500:1",BUY,7598.4,7595.914912088437,7618.355057142858,0.08,1.0,0,0,,0,0,30,OPEN,,0,0,0
2026-06-02T23:30:01.852496+00:00,2026-06-02T23:30:01.852496+00:00,SP500,"bollinger_{'period': 22, 'std_dev': 2.2, 'stop_atr_mult': 0.65, 'tp_atr_mult': 1.6}","bollinger_{'period': 22, 'std_dev': 2.2, 'stop_atr_mult': 0.65, 'tp_atr_mult': 1.6}:SP500:1",BUY,7598.4,7596.917752108254,7617.070337662339,0.1,1.0,0,0,,0,0,30,OPEN,,0,0,0
2026-06-02T23:30:01.889217+00:00,2026-06-02T23:30:01.889217+00:00,SP500,"volatility_{'volatility_window': 10, 'volatility_threshold': 1.0, 'stop_atr_mult': 0.4, 'tp_atr_mult': 1.2}","volatility_{'volatility_window': 10, 'volatility_threshold': 1.0, 'stop_atr_mult': 0.4, 'tp_atr_mult': 1.2}:SP500:1",SELL,7598.1,7601.604857142857,7593.985428571428,0.15,1.0,0,0,,0,0,30,OPEN,,0,0,0
2026-06-02T23:30:01.925518+00:00,2026-06-02T23:30:01.925518+00:00,SP500,"bollinger_{'period': 20, 'std_dev': 2.0, 'stop_atr_mult': 0.6, 'tp_atr_mult': 1.5}","bollinger_{'period': 20, 'std_dev': 2.0, 'stop_atr_mult': 0.6, 'tp_atr_mult': 1.5}:SP500:1",BUY,7598.3,7597.919841457712,7616.362214285715,0.16,1.0,0,0,,0,0,30,OPEN,,0,0,0
2026-06-02T23:30:01.964299+00:00,2026-06-02T23:30:01.964299+00:00,SP500,"bollinger_{'period': 25, 'std_dev': 2.5, 'stop_atr_mult': 0.7, 'tp_atr_mult': 1.8}","bollinger_{'period': 25, 'std_dev': 2.5, 'stop_atr_mult': 0.7, 'tp_atr_mult': 1.8}:SP500:1",BUY,7598.3,7595.914912088437,7618.355057142858,0.08,1.0,0,0,,0,0,30,OPEN,,0,0,0
2026-06-02T23:30:02.001674+00:00,2026-06-02T23:30:02.001674+00:00,SP500,"bollinger_{'period': 22, 'std_dev': 2.2, 'stop_atr_mult': 0.65, 'tp_atr_mult': 1.6}","bollinger_{'period': 22, 'std_dev': 2.2, 'stop_atr_mult': 0.65, 'tp_atr_mult': 1.6}:SP500:1",BUY,7598.3,7596.917752108254,7617.070337662339,0.1,1.0,0,0,,0,0,30,OPEN,,0,0,0
2026-06-02T23:30:02.039462+00:00,2026-06-02T23:30:02.039462+00:00,SP500,"volatility_{'volatility_window': 10, 'volatility_threshold': 1.0, 'stop_atr_mult': 0.4, 'tp_atr_mult': 1.2}","volatility_{'volatility_window': 10, 'volatility_threshold': 1.0, 'stop_atr_mult': 0.4, 'tp_atr_mult': 1.2}:SP500:1",SELL,7598.0,7601.604857142857,7593.985428571428,0.15,1.0,0,0,,0,0,30,OPEN,,0,0,0
2026-06-02T23:30:02.080623+00:00,2026-06-02T23:30:02.080623+00:00,XAUUSD,"volatility_{'volatility_window': 10, 'volatility_threshold': 1.0, 'stop_atr_mult': 0.4, 'tp_atr_mult': 1.2}","volatility_{'volatility_window': 10, 'volatility_threshold': 1.0, 'stop_atr_mult': 0.4, 'tp_atr_mult': 1.2}:XAUUSD:1",SELL,4468.26,4469.792571428571,4460.902285714285,0.01,1.0,0,0,,0,0,18,OPEN,,0,0,0
2026-06-02T23:30:02.117574+00:00,2026-06-02T23:30:02.117574+00:00,XAUUSD,"macd_{'fast_period': 12, 'slow_period': 26, 'signal_period': 9, 'stop_atr_mult': 0.6, 'tp_atr_mult': 1.8}","macd_{'fast_period': 12, 'slow_period': 26, 'signal_period': 9, 'stop_atr_mult': 0.6, 'tp_atr_mult': 1.8}:XAUUSD:1",SELL,4468.26,4470.903857142857,4457.568428571428,0.01,1.0,0,0,,0,0,18,OPEN,,0,0,0
2026-06-02T23:30:02.155043+00:00,2026-06-02T23:30:02.154024+00:00,XAUUSD,"macd_{'fast_period': 10, 'slow_period': 24, 'signal_period': 8, 'stop_atr_mult': 0.55, 'tp_atr_mult': 1.65}","macd_{'fast_period': 10, 'slow_period': 24, 'signal_period': 8, 'stop_atr_mult': 0.55, 'tp_atr_mult': 1.65}:XAUUSD:1",SELL,4468.26,4470.6260357142855,4458.401892857142,0.01,1.0,0,0,,0,0,18,OPEN,,0,0,0
2026-06-02T23:30:02.196077+00:00,2026-06-02T23:30:02.196077+00:00,XAUUSD,"volatility_{'volatility_window': 10, 'volatility_threshold': 1.0, 'stop_atr_mult': 0.4, 'tp_atr_mult': 1.2}","volatility_{'volatility_window': 10, 'volatility_threshold': 1.0, 'stop_atr_mult': 0.4, 'tp_atr_mult': 1.2}:XAUUSD:1",SELL,4468.26,4469.792571428571,4460.902285714285,0.01,1.0,0,0,,0,0,18,OPEN,,0,0,0
2026-06-02T23:30:02.232480+00:00,2026-06-02T23:30:02.232480+00:00,XAUUSD,"macd_{'fast_period': 12, 'slow_period': 26, 'signal_period': 9, 'stop_atr_mult': 0.6, 'tp_atr_mult': 1.8}","macd_{'fast_period': 12, 'slow_period': 26, 'signal_period': 9, 'stop_atr_mult': 0.6, 'tp_atr_mult': 1.8}:XAUUSD:1",SELL,4468.26,4470.903857142857,4457.568428571428,0.01,1.0,0,0,,0,0,18,OPEN,,0,0,0
2026-06-02T23:30:02.270158+00:00,2026-06-02T23:30:02.269155+00:00,XAUUSD,"macd_{'fast_period': 10, 'slow_period': 24, 'signal_period': 8, 'stop_atr_mult': 0.55, 'tp_atr_mult': 1.65}","macd_{'fast_period': 10, 'slow_period': 24, 'signal_period': 8, 'stop_atr_mult': 0.55, 'tp_atr_mult': 1.65}:XAUUSD:1",SELL,4468.26,4470.6260357142855,4458.401892857142,0.01,1.0,0,0,,0,0,18,OPEN,,0,0,0
2026-06-02T23:30:02.321422+00:00,2026-06-02T23:30:02.321422+00:00,XAUUSD,"volatility_{'volatility_window': 10, 'volatility_threshold': 1.0, 'stop_atr_mult': 0.4, 'tp_atr_mult': 1.2}","volatility_{'volatility_window': 10, 'volatility_threshold': 1.0, 'stop_atr_mult': 0.4, 'tp_atr_mult': 1.2}:XAUUSD:1",SELL,4468.26,4469.792571428571,4460.902285714285,0.01,1.0,0,0,,0,0,18,OPEN,,0,0,0
2026-06-02T23:30:02.359348+00:00,2026-06-02T23:30:02.359348+00:00,XAUUSD,"macd_{'fast_period': 12, 'slow_period': 26, 'signal_period': 9, 'stop_atr_mult': 0.6, 'tp_atr_mult': 1.8}","macd_{'fast_period': 12, 'slow_period': 26, 'signal_period': 9, 'stop_atr_mult': 0.6, 'tp_atr_mult': 1.8}:XAUUSD:1",SELL,4468.26,4470.903857142857,4457.568428571428,0.01,1.0,0,0,,0,0,18,OPEN,,0,0,0
2026-06-02T23:30:02.396467+00:00,2026-06-02T23:30:02.396467+00:00,XAUUSD,"macd_{'fast_period': 10, 'slow_period': 24, 'signal_period': 8, 'stop_atr_mult': 0.55, 'tp_atr_mult': 1.65}","macd_{'fast_period': 10, 'slow_period': 24, 'signal_period': 8, 'stop_atr_mult': 0.55, 'tp_atr_mult': 1.65}:XAUUSD:1",SELL,4468.26,4470.6260357142855,4458.401892857142,0.01,1.0,0,0,,0,0,18,OPEN,,0,0,0
2026-06-02T23:45:00.907932+00:00,2026-06-02T23:45:00.907932+00:00,XAUUSD,"bollinger_{'period': 15, 'std_dev': 1.5, 'stop_atr_mult': 0.5, 'tp_atr_mult': 1.3}","bollinger_{'period': 15, 'std_dev': 1.5, 'stop_atr_mult': 0.5, 'tp_atr_mult': 1.3}:XAUUSD:1",BUY,4475.05,4472.248988752834,4493.686452380952,0.01,1.0,0,0,,0,0,15,OPEN,,0,0,0
2026-06-02T23:45:00.944524+00:00,2026-06-02T23:45:00.944524+00:00,XAUUSD,"bollinger_{'period': 18, 'std_dev': 1.8, 'stop_atr_mult': 0.55, 'tp_atr_mult': 1.4}","bollinger_{'period': 18, 'std_dev': 1.8, 'stop_atr_mult': 0.55, 'tp_atr_mult': 1.4}:XAUUSD:1",BUY,4475.05,4470.716268022807,4494.31288888889,0.01,1.0,0,0,,0,0,15,OPEN,,0,0,0
2026-06-02T23:45:00.980746+00:00,2026-06-02T23:45:00.980746+00:00,XAUUSD,"volatility_{'volatility_window': 10, 'volatility_threshold': 1.0, 'stop_atr_mult': 0.4, 'tp_atr_mult': 1.2}","volatility_{'volatility_window': 10, 'volatility_threshold': 1.0, 'stop_atr_mult': 0.4, 'tp_atr_mult': 1.2}:XAUUSD:1",SELL,4474.9,4477.3868571428575,4467.319428571428,0.01,1.0,0,0,,0,0,15,OPEN,,0,0,0
2026-06-02T23:45:01.016201+00:00,2026-06-02T23:45:01.016201+00:00,XAUUSD,"bollinger_{'period': 15, 'std_dev': 1.5, 'stop_atr_mult': 0.5, 'tp_atr_mult': 1.3}","bollinger_{'period': 15, 'std_dev': 1.5, 'stop_atr_mult': 0.5, 'tp_atr_mult': 1.3}:XAUUSD:1",BUY,4475.05,4472.248988752834,4493.686452380952,0.01,1.0,0,0,,0,0,15,OPEN,,0,0,0
2026-06-02T23:45:01.053031+00:00,2026-06-02T23:45:01.053031+00:00,XAUUSD,"bollinger_{'period': 18, 'std_dev': 1.8, 'stop_atr_mult': 0.55, 'tp_atr_mult': 1.4}","bollinger_{'period': 18, 'std_dev': 1.8, 'stop_atr_mult': 0.55, 'tp_atr_mult': 1.4}:XAUUSD:1",BUY,4475.05,4470.716268022807,4494.31288888889,0.01,1.0,0,0,,0,0,15,OPEN,,0,0,0
2026-06-02T23:45:01.089507+00:00,2026-06-02T23:45:01.089507+00:00,XAUUSD,"volatility_{'volatility_window': 10, 'volatility_threshold': 1.0, 'stop_atr_mult': 0.4, 'tp_atr_mult': 1.2}","volatility_{'volatility_window': 10, 'volatility_threshold': 1.0, 'stop_atr_mult': 0.4, 'tp_atr_mult': 1.2}:XAUUSD:1",SELL,4474.9,4477.3868571428575,4467.319428571428,0.01,1.0,0,0,,0,0,15,OPEN,,0,0,0
2026-06-02T23:45:01.126110+00:00,2026-06-02T23:45:01.126110+00:00,XAUUSD,"bollinger_{'period': 15, 'std_dev': 1.5, 'stop_atr_mult': 0.5, 'tp_atr_mult': 1.3}","bollinger_{'period': 15, 'std_dev': 1.5, 'stop_atr_mult': 0.5, 'tp_atr_mult': 1.3}:XAUUSD:1",BUY,4475.05,4472.248988752834,4493.686452380952,0.01,1.0,0,0,,0,0,15,OPEN,,0,0,0
2026-06-02T23:45:01.163169+00:00,2026-06-02T23:45:01.163169+00:00,XAUUSD,"bollinger_{'period': 18, 'std_dev': 1.8, 'stop_atr_mult': 0.55, 'tp_atr_mult': 1.4}","bollinger_{'period': 18, 'std_dev': 1.8, 'stop_atr_mult': 0.55, 'tp_atr_mult': 1.4}:XAUUSD:1",BUY,4475.05,4470.716268022807,4494.31288888889,0.01,1.0,0,0,,0,0,15,OPEN,,0,0,0
2026-06-02T23:45:01.199437+00:00,2026-06-02T23:45:01.199437+00:00,XAUUSD,"volatility_{'volatility_window': 10, 'volatility_threshold': 1.0, 'stop_atr_mult': 0.4, 'tp_atr_mult': 1.2}","volatility_{'volatility_window': 10, 'volatility_threshold': 1.0, 'stop_atr_mult': 0.4, 'tp_atr_mult': 1.2}:XAUUSD:1",SELL,4474.9,4477.3868571428575,4467.319428571428,0.01,1.0,0,0,,0,0,15,OPEN,,0,0,0
2026-06-02T23:45:01.237489+00:00,2026-06-02T23:45:01.237489+00:00,SP500,"volatility_{'volatility_window': 10, 'volatility_threshold': 1.0, 'stop_atr_mult': 0.4, 'tp_atr_mult': 1.2}","volatility_{'volatility_window': 10, 'volatility_threshold': 1.0, 'stop_atr_mult': 0.4, 'tp_atr_mult': 1.2}:SP500:1",SELL,7610.8,7613.129999999999,7604.21,0.13,1.0,0,0,,0,0,20,OPEN,,0,0,0
2026-06-02T23:45:01.274223+00:00,2026-06-02T23:45:01.274223+00:00,SP500,"volatility_{'volatility_window': 12, 'volatility_threshold': 1.4, 'stop_atr_mult': 0.45, 'tp_atr_mult': 1.35}","volatility_{'volatility_window': 12, 'volatility_threshold': 1.4, 'stop_atr_mult': 0.45, 'tp_atr_mult': 1.35}:SP500:1",SELL,7610.8,7613.40875,7603.37375,0.12,1.0,0,0,,0,0,20,OPEN,,0,0,0
2026-06-02T23:45:01.310744+00:00,2026-06-02T23:45:01.310744+00:00,SP500,"volatility_{'volatility_window': 10, 'volatility_threshold': 1.0, 'stop_atr_mult': 0.4, 'tp_atr_mult': 1.2}","volatility_{'volatility_window': 10, 'volatility_threshold': 1.0, 'stop_atr_mult': 0.4, 'tp_atr_mult': 1.2}:SP500:1",SELL,7610.8,7613.129999999999,7604.21,0.13,1.0,0,0,,0,0,20,OPEN,,0,0,0
2026-06-02T23:45:01.347570+00:00,2026-06-02T23:45:01.347570+00:00,SP500,"volatility_{'volatility_window': 12, 'volatility_threshold': 1.4, 'stop_atr_mult': 0.45, 'tp_atr_mult': 1.35}","volatility_{'volatility_window': 12, 'volatility_threshold': 1.4, 'stop_atr_mult': 0.45, 'tp_atr_mult': 1.35}:SP500:1",SELL,7610.8,7613.40875,7603.37375,0.12,1.0,0,0,,0,0,20,OPEN,,0,0,0
2026-06-02T23:45:01.383426+00:00,2026-06-02T23:45:01.383426+00:00,SP500,"volatility_{'volatility_window': 10, 'volatility_threshold': 1.0, 'stop_atr_mult': 0.4, 'tp_atr_mult': 1.2}","volatility_{'volatility_window': 10, 'volatility_threshold': 1.0, 'stop_atr_mult': 0.4, 'tp_atr_mult': 1.2}:SP500:1",SELL,7610.8,7613.129999999999,7604.21,0.13,1.0,0,0,,0,0,20,OPEN,,0,0,0
2026-06-02T23:45:01.420669+00:00,2026-06-02T23:45:01.420669+00:00,SP500,"volatility_{'volatility_window': 12, 'volatility_threshold': 1.4, 'stop_atr_mult': 0.45, 'tp_atr_mult': 1.35}","volatility_{'volatility_window': 12, 'volatility_threshold': 1.4, 'stop_atr_mult': 0.45, 'tp_atr_mult': 1.35}:SP500:1",SELL,7610.8,7613.40875,7603.37375,0.12,1.0,0,0,,0,0,20,OPEN,,0,0,0
2026-06-02T23:45:01.457115+00:00,2026-06-02T23:45:01.457115+00:00,BTCUSD,"volatility_{'volatility_window': 14, 'volatility_threshold': 1.2, 'stop_atr_mult': 0.5, 'tp_atr_mult': 1.5}","volatility_{'volatility_window': 14, 'volatility_threshold': 1.2, 'stop_atr_mult': 0.5, 'tp_atr_mult': 1.5}:BTCUSD:1",SELL,66566.5,66853.57142857143,65935.28571428571,0.01,1.0,0,0,,0,0,1700,OPEN,,0,0,0
2026-06-02T23:45:01.493794+00:00,2026-06-02T23:45:01.493794+00:00,BTCUSD,"volatility_{'volatility_window': 10, 'volatility_threshold': 1.0, 'stop_atr_mult': 0.4, 'tp_atr_mult': 1.2}","volatility_{'volatility_window': 10, 'volatility_threshold': 1.0, 'stop_atr_mult': 0.4, 'tp_atr_mult': 1.2}:BTCUSD:1",SELL,66566.5,66807.65714285715,66073.02857142857,0.02,1.0,0,0,,0,0,1700,OPEN,,0,0,0
2026-06-02T23:45:01.532209+00:00,2026-06-02T23:45:01.532209+00:00,BTCUSD,"volatility_{'volatility_window': 14, 'volatility_threshold': 1.2, 'stop_atr_mult': 0.5, 'tp_atr_mult': 1.5}","volatility_{'volatility_window': 14, 'volatility_threshold': 1.2, 'stop_atr_mult': 0.5, 'tp_atr_mult': 1.5}:BTCUSD:1",SELL,66566.5,66853.57142857143,65935.28571428571,0.01,1.0,0,0,,0,0,1700,OPEN,,0,0,0
2026-06-02T23:45:01.569066+00:00,2026-06-02T23:45:01.569066+00:00,BTCUSD,"volatility_{'volatility_window': 10, 'volatility_threshold': 1.0, 'stop_atr_mult': 0.4, 'tp_atr_mult': 1.2}","volatility_{'volatility_window': 10, 'volatility_threshold': 1.0, 'stop_atr_mult': 0.4, 'tp_atr_mult': 1.2}:BTCUSD:1",SELL,66566.5,66807.65714285715,66073.02857142857,0.02,1.0,0,0,,0,0,1700,OPEN,,0,0,0
2026-06-02T23:45:01.604926+00:00,2026-06-02T23:45:01.604926+00:00,BTCUSD,"volatility_{'volatility_window': 14, 'volatility_threshold': 1.2, 'stop_atr_mult': 0.5, 'tp_atr_mult': 1.5}","volatility_{'volatility_window': 14, 'volatility_threshold': 1.2, 'stop_atr_mult': 0.5, 'tp_atr_mult': 1.5}:BTCUSD:1",SELL,66565.0,66853.57142857143,65935.28571428571,0.01,1.0,0,0,,0,0,1700,OPEN,,0,0,0
2026-06-02T23:45:01.641463+00:00,2026-06-02T23:45:01.641463+00:00,BTCUSD,"volatility_{'volatility_window': 10, 'volatility_threshold': 1.0, 'stop_atr_mult': 0.4, 'tp_atr_mult': 1.2}","volatility_{'volatility_window': 10, 'volatility_threshold': 1.0, 'stop_atr_mult': 0.4, 'tp_atr_mult': 1.2}:BTCUSD:1",SELL,66565.0,66807.65714285715,66073.02857142857,0.02,1.0,0,0,,0,0,1700,OPEN,,0,0,0
