time,equity
2025-08-06 03:45:00,10000.0
2025-08-06 04:00:00,10000.0
2025-08-06 04:15:00,10000.0
2025-08-06 04:30:00,10000.0
2025-08-06 04:45:00,10000.0
2025-08-06 05:00:00,10000.0
2025-08-06 05:15:00,10000.0
2025-08-06 05:30:00,10000.0
2025-08-06 05:45:00,10000.0
2025-08-06 06:00:00,10000.0
2025-08-06 06:15:00,10000.0
2025-08-06 06:30:00,10000.0
2025-08-06 06:45:00,10000.0
2025-08-06 07:00:00,10000.0
2025-08-06 07:15:00,10000.0
2025-08-06 07:30:00,10000.0
2025-08-06 07:45:00,10000.0
2025-08-06 08:00:00,10000.0
2025-08-06 08:15:00,10000.0
2025-08-06 08:30:00,10000.0
2025-08-06 08:45:00,10000.0
2025-08-06 09:00:00,10000.0
2025-08-06 09:15:00,10000.0
2025-08-06 09:30:00,10300.000000000022
2025-08-06 09:45:00,10300.000000000022
2025-08-06 10:00:00,11255.088099999984
2025-08-06 10:15:00,11255.088099999984
2025-08-06 10:30:00,11142.537218999985
2025-08-06 10:45:00,11142.537218999985
2025-08-06 11:00:00,10927.270000000004
2025-08-06 11:15:00,10602.719153730004
2025-08-06 11:30:00,10184.92971422362
2025-08-06 11:45:00,10083.080417081383
2025-08-06 12:00:00,10083.080417081383
2025-08-06 12:15:00,10083.080417081383
2025-08-06 12:30:00,9988.162904995193
2025-08-06 12:45:00,9988.162904995193
2025-08-06 13:00:00,9988.162904995193
2025-08-06 13:15:00,9988.162904995193
2025-08-06 13:30:00,9988.162904995193
2025-08-06 13:45:00,9988.162904995193
2025-08-06 14:00:00,9988.162904995193
2025-08-06 14:15:00,9988.162904995193
2025-08-06 14:30:00,9988.162904995193
2025-08-06 14:45:00,9988.162904995193
2025-08-06 15:00:00,9988.162904995193
2025-08-06 15:15:00,9888.28127594524
2025-08-06 15:30:00,9888.28127594524
2025-08-06 15:45:00,9888.28127594524
2025-08-06 16:00:00,9888.28127594524
2025-08-06 16:15:00,9888.28127594524
2025-08-06 16:30:00,9691.50447855393
2025-08-06 16:45:00,9691.50447855393
2025-08-06 17:00:00,9982.249612910562
2025-08-06 17:15:00,9783.602845613643
2025-08-06 17:30:00,9685.766817157506
2025-08-06 17:45:00,9685.766817157506
2025-08-06 18:00:00,9685.766817157506
2025-08-06 18:15:00,9976.339821672214
2025-08-06 18:30:00,9976.339821672214
2025-08-06 18:45:00,9976.339821672214
2025-08-06 19:00:00,9976.339821672214
2025-08-06 19:15:00,9976.339821672214
2025-08-06 19:30:00,10275.630016322397
2025-08-06 19:45:00,10275.630016322397
2025-08-06 20:00:00,10275.630016322397
2025-08-06 20:15:00,10275.630016322397
2025-08-06 20:30:00,10275.630016322397
2025-08-06 20:45:00,10275.630016322397
2025-08-06 21:00:00,10275.630016322397
2025-08-06 21:15:00,10275.630016322397
2025-08-06 21:30:00,10583.89891681206
2025-08-06 21:45:00,10583.89891681206
2025-08-06 22:00:00,10583.89891681206
2025-08-06 22:15:00,10583.89891681206
2025-08-06 22:30:00,10901.41588431643
2025-08-06 22:45:00,10901.41588431643
2025-08-06 23:00:00,10792.401725473264
2025-08-06 23:15:00,10792.401725473264
2025-08-06 23:30:00,10792.401725473264
2025-08-06 23:45:00,10792.401725473264
2025-08-07 01:00:00,10059.223669005238
2025-08-07 01:15:00,10059.223669005238
2025-08-07 01:30:00,11228.458360845916
2025-08-07 01:45:00,11228.458360845916
2025-08-07 02:00:00,11228.458360845916
2025-08-07 02:15:00,11228.458360845916
2025-08-07 02:30:00,11228.458360845916
2025-08-07 02:45:00,11228.458360845916
2025-08-07 03:00:00,11228.458360845916
2025-08-07 03:15:00,13016.860672085775
2025-08-07 03:30:00,13016.860672085775
2025-08-07 03:45:00,13016.860672085775
2025-08-07 04:00:00,13016.860672085775
2025-08-07 04:15:00,13016.860672085775
2025-08-07 04:30:00,11912.271475021425
2025-08-07 04:45:00,11912.271475021425
2025-08-07 05:00:00,11912.271475021425
2025-08-07 05:15:00,11912.271475021425
2025-08-07 05:30:00,11912.271475021425
2025-08-07 05:45:00,11912.271475021425
2025-08-07 06:00:00,11912.271475021425
2025-08-07 06:15:00,11912.271475021425
2025-08-07 06:30:00,11912.271475021425
2025-08-07 06:45:00,11912.271475021425
2025-08-07 07:00:00,11912.271475021425
2025-08-07 07:15:00,11912.271475021425
2025-08-07 07:30:00,11675.217272668498
2025-08-07 07:45:00,11558.465099941814
2025-08-07 08:00:00,11442.880448942395
2025-08-07 08:15:00,11442.880448942395
2025-08-07 08:30:00,11442.880448942395
2025-08-07 08:45:00,11442.880448942395
2025-08-07 09:00:00,11442.880448942395
2025-08-07 09:15:00,11442.880448942395
2025-08-07 09:30:00,11786.166862410666
2025-08-07 09:45:00,11436.105920430206
2025-08-07 10:00:00,11436.105920430206
2025-08-07 10:15:00,12139.751868282956
2025-08-07 10:30:00,12018.354349600126
2025-08-07 10:45:00,12018.354349600126
2025-08-07 11:00:00,19689.169702467443
2025-08-07 11:15:00,16009.096750475037
2025-08-07 11:30:00,16009.096750475037
2025-08-07 11:45:00,15849.005782970287
2025-08-07 12:00:00,15849.005782970287
2025-08-07 12:15:00,15849.005782970287
2025-08-07 12:30:00,15849.005782970287
2025-08-07 12:45:00,16489.36965298926
2025-08-07 13:00:00,16489.36965298926
2025-08-07 13:15:00,17493.572264856277
2025-08-07 13:30:00,17493.572264856277
2025-08-07 13:45:00,17493.572264856277
2025-08-07 14:00:00,17493.572264856277
2025-08-07 14:15:00,17493.572264856277
2025-08-07 14:30:00,16973.99567501778
2025-08-07 14:45:00,16804.255718267603
2025-08-07 15:00:00,16804.255718267603
2025-08-07 15:15:00,16804.255718267603
2025-08-07 15:30:00,16804.255718267603
2025-08-07 15:45:00,16804.255718267603
2025-08-07 16:00:00,16804.255718267603
2025-08-07 16:15:00,16804.255718267603
2025-08-07 16:30:00,17838.195638473975
2025-08-07 16:45:00,18724.204477838975
2025-08-07 17:00:00,18924.541752857032
2025-08-07 17:15:00,18007.71201162636
2025-08-07 17:30:00,17827.634891510097
2025-08-07 17:45:00,17649.358542594997
2025-08-07 18:00:00,17472.864957169048
2025-08-07 18:15:00,17472.864957169048
2025-08-07 18:30:00,17472.864957169048
2025-08-07 18:45:00,17472.864957169048
2025-08-07 19:00:00,17472.864957169048
2025-08-07 19:15:00,17472.864957169048
2025-08-07 19:30:00,17472.864957169048
2025-08-07 19:45:00,17472.864957169048
2025-08-07 20:00:00,17472.864957169048
2025-08-07 20:15:00,17472.864957169048
2025-08-07 20:30:00,17472.864957169048
2025-08-07 20:45:00,17472.864957169048
2025-08-07 21:00:00,17997.05090588412
2025-08-07 21:15:00,18536.96243306063
2025-08-07 21:30:00,18536.96243306063
2025-08-07 21:45:00,18351.592808730024
2025-08-07 22:00:00,18168.076880642722
2025-08-07 22:15:00,18168.076880642722
2025-08-07 22:30:00,18168.076880642722
2025-08-07 22:45:00,17986.396111836293
2025-08-07 23:00:00,17986.396111836293
2025-08-07 23:15:00,17986.396111836293
2025-08-07 23:30:00,17986.396111836293
2025-08-07 23:45:00,17986.396111836293
2025-08-08 01:00:00,17986.396111836293
2025-08-08 01:15:00,17986.396111836293
2025-08-08 01:30:00,17986.396111836293
2025-08-08 01:45:00,17986.396111836293
2025-08-08 02:00:00,17986.396111836293
2025-08-08 02:15:00,17986.396111836293
2025-08-08 02:30:00,17986.396111836293
2025-08-08 02:45:00,17986.396111836293
2025-08-08 03:00:00,17986.396111836293
2025-08-08 03:15:00,17986.396111836293
2025-08-08 03:30:00,17986.396111836293
2025-08-08 03:45:00,17986.396111836293
2025-08-08 04:00:00,17986.396111836293
2025-08-08 04:15:00,17986.396111836293
2025-08-08 04:30:00,17986.396111836293
2025-08-08 04:45:00,17986.396111836293
2025-08-08 05:00:00,17986.396111836293
2025-08-08 05:15:00,17986.396111836293
2025-08-08 05:30:00,17986.396111836293
2025-08-08 05:45:00,17986.396111836293
2025-08-08 06:00:00,17986.396111836293
2025-08-08 06:15:00,17986.396111836293
2025-08-08 06:30:00,17986.396111836293
2025-08-08 06:45:00,17986.396111836293
2025-08-08 07:00:00,17452.18216091864
2025-08-08 07:15:00,17452.18216091864
2025-08-08 07:30:00,17452.18216091864
2025-08-08 07:45:00,17452.18216091864
2025-08-08 08:00:00,17452.18216091864
2025-08-08 08:15:00,17452.18216091864
2025-08-08 08:30:00,17452.18216091864
2025-08-08 08:45:00,18515.020054518587
2025-08-08 09:00:00,18515.020054518587
2025-08-08 09:15:00,17965.10544387933
2025-08-08 09:30:00,17785.454389440536
2025-08-08 09:45:00,17785.454389440536
2025-08-08 10:00:00,17785.454389440536
2025-08-08 10:15:00,17785.454389440536
2025-08-08 10:30:00,17607.59984554613
2025-08-08 10:45:00,17607.59984554613
2025-08-08 11:00:00,17607.59984554613
2025-08-08 11:15:00,17084.636522533565
2025-08-08 11:30:00,17084.636522533565
2025-08-08 11:45:00,17084.636522533565
2025-08-08 12:00:00,17607.59984554613
2025-08-08 12:15:00,17431.52384709067
2025-08-08 12:30:00,17431.52384709067
2025-08-08 12:45:00,17431.52384709067
2025-08-08 13:00:00,17431.52384709067
2025-08-08 13:15:00,17431.52384709067
2025-08-08 13:30:00,17431.52384709067
2025-08-08 13:45:00,17431.52384709067
2025-08-08 14:00:00,17431.52384709067
2025-08-08 14:15:00,17431.52384709067
2025-08-08 14:30:00,17431.52384709067
2025-08-08 14:45:00,17431.52384709067
2025-08-08 15:00:00,17431.52384709067
2025-08-08 15:15:00,17431.52384709067
2025-08-08 15:30:00,17431.52384709067
2025-08-08 15:45:00,17257.208608619763
2025-08-08 16:00:00,17257.208608619763
2025-08-08 16:15:00,17257.208608619763
2025-08-08 16:30:00,16744.65225573515
2025-08-08 16:45:00,16577.205733177798
2025-08-08 17:00:00,16577.205733177798
2025-08-08 17:15:00,16577.205733177798
2025-08-08 17:30:00,16577.205733177798
2025-08-08 17:45:00,16577.205733177798
2025-08-08 18:00:00,16577.205733177798
2025-08-08 18:15:00,16577.205733177798
2025-08-08 18:30:00,16577.205733177798
2025-08-08 18:45:00,16577.205733177798
2025-08-08 19:00:00,16577.205733177798
2025-08-08 19:15:00,16577.205733177798
2025-08-08 19:30:00,16577.205733177798
2025-08-08 19:45:00,16577.205733177798
2025-08-08 20:00:00,16577.205733177798
2025-08-08 20:15:00,16577.205733177798
2025-08-08 20:30:00,16577.205733177798
2025-08-08 20:45:00,16577.205733177798
2025-08-08 21:00:00,16577.205733177798
2025-08-08 21:15:00,16577.205733177798
2025-08-08 21:30:00,16577.205733177798
2025-08-08 21:45:00,16577.205733177798
2025-08-08 22:00:00,16577.205733177798
2025-08-08 22:15:00,16577.205733177798
2025-08-08 22:30:00,16577.205733177798
2025-08-08 22:45:00,16577.205733177798
2025-08-08 23:00:00,16577.205733177798
2025-08-08 23:15:00,16577.205733177798
2025-08-08 23:30:00,16577.205733177798
2025-08-08 23:45:00,16577.205733177798
2025-08-11 01:00:00,16577.205733177798
2025-08-11 01:15:00,16577.205733177798
2025-08-11 01:30:00,16577.205733177798
2025-08-11 01:45:00,16577.205733177798
2025-08-11 02:00:00,16577.205733177798
2025-08-11 02:15:00,16577.205733177798
2025-08-11 02:30:00,16577.205733177798
2025-08-11 02:45:00,16577.205733177798
2025-08-11 03:00:00,16577.205733177798
2025-08-11 03:15:00,16577.205733177798
2025-08-11 03:30:00,16577.205733177798
2025-08-11 03:45:00,16577.205733177798
2025-08-11 04:00:00,16577.205733177798
2025-08-11 04:15:00,16577.205733177798
2025-08-11 04:30:00,16577.205733177798
2025-08-11 04:45:00,16577.205733177798
2025-08-11 05:00:00,16577.205733177798
2025-08-11 05:15:00,16577.205733177798
2025-08-11 05:30:00,16577.205733177798
2025-08-11 05:45:00,16577.205733177798
2025-08-11 06:00:00,16577.205733177798
2025-08-11 06:15:00,16577.205733177798
2025-08-11 06:30:00,16577.205733177798
2025-08-11 06:45:00,16577.205733177798
2025-08-11 07:00:00,16411.43367584602
2025-08-11 07:15:00,16247.319339087559
2025-08-11 07:30:00,16084.846145696683
2025-08-11 07:45:00,16084.846145696683
2025-08-11 08:00:00,16084.846145696683
2025-08-11 08:15:00,16084.846145696683
2025-08-11 08:30:00,16084.846145696683
2025-08-11 08:45:00,15607.110130323348
2025-08-11 09:00:00,15607.110130323348
2025-08-11 09:15:00,15607.110130323348
2025-08-11 09:30:00,15607.110130323348
2025-08-11 09:45:00,15607.110130323348
2025-08-11 10:00:00,15607.110130323348
2025-08-11 10:15:00,15451.039029020114
2025-08-11 10:30:00,15607.110130323348
2025-08-11 10:45:00,15451.039029020114
2025-08-11 11:00:00,15451.039029020114
2025-08-11 11:15:00,15451.039029020114
2025-08-11 11:30:00,15451.039029020114
2025-08-11 11:45:00,15451.039029020114
2025-08-11 12:00:00,15451.039029020114
2025-08-11 12:15:00,15451.039029020114
2025-08-11 12:30:00,15451.039029020114
2025-08-11 12:45:00,15451.039029020114
2025-08-11 13:00:00,15451.039029020114
2025-08-11 13:15:00,15451.039029020114
2025-08-11 13:30:00,15451.039029020114
2025-08-11 13:45:00,15451.039029020114
2025-08-11 14:00:00,15451.039029020114
2025-08-11 14:15:00,15451.039029020114
2025-08-11 14:30:00,15451.039029020114
2025-08-11 14:45:00,15451.039029020114
2025-08-11 15:00:00,15451.039029020114
2025-08-11 15:15:00,15451.039029020114
2025-08-11 15:30:00,15143.563352342613
2025-08-11 15:45:00,15143.563352342613
2025-08-11 16:00:00,15143.563352342613
2025-08-11 16:15:00,15143.563352342613
2025-08-11 16:30:00,15143.563352342613
2025-08-11 16:45:00,14842.206441630995
2025-08-11 17:00:00,14693.784377214684
2025-08-11 17:15:00,14693.784377214684
2025-08-11 17:30:00,14693.784377214684
2025-08-11 17:45:00,14693.784377214684
2025-08-11 18:00:00,14693.784377214684
2025-08-11 18:15:00,14693.784377214684
2025-08-11 18:30:00,14546.846533442538
2025-08-11 18:45:00,14546.846533442538
2025-08-11 19:00:00,14546.846533442538
2025-08-11 19:15:00,14546.846533442538
2025-08-11 19:30:00,14401.378068108113
2025-08-11 19:45:00,14257.364287427032
2025-08-11 20:00:00,14257.364287427032
2025-08-11 20:15:00,14401.378068108113
2025-08-11 20:30:00,13833.90631072616
2025-08-11 20:45:00,13695.5672476189
2025-08-11 21:00:00,13695.5672476189
2025-08-11 21:15:00,13695.5672476189
2025-08-11 21:30:00,13695.5672476189
2025-08-11 21:45:00,13695.5672476189
2025-08-11 22:00:00,13695.5672476189
2025-08-11 22:15:00,13695.5672476189
2025-08-11 22:30:00,13695.5672476189
2025-08-11 22:45:00,13695.5672476189
2025-08-11 23:00:00,13695.5672476189
2025-08-11 23:15:00,13695.5672476189
2025-08-11 23:30:00,13695.5672476189
2025-08-11 23:45:00,13695.5672476189
2025-08-12 01:00:00,13695.5672476189
2025-08-12 01:15:00,13695.5672476189
2025-08-12 01:30:00,13695.5672476189
2025-08-12 01:45:00,13695.5672476189
2025-08-12 02:00:00,13695.5672476189
2025-08-12 02:15:00,13695.5672476189
2025-08-12 02:30:00,13695.5672476189
2025-08-12 02:45:00,13695.5672476189
2025-08-12 03:00:00,13695.5672476189
2025-08-12 03:15:00,13695.5672476189
2025-08-12 03:30:00,13695.5672476189
2025-08-12 03:45:00,13695.5672476189
2025-08-12 04:00:00,13695.5672476189
2025-08-12 04:15:00,13695.5672476189
2025-08-12 04:30:00,13423.025459391283
2025-08-12 04:45:00,13423.025459391283
2025-08-12 05:00:00,13288.79520479737
2025-08-12 05:15:00,13288.79520479737
2025-08-12 05:30:00,13288.79520479737
2025-08-12 05:45:00,13288.79520479737
2025-08-12 06:00:00,13288.79520479737
2025-08-12 06:15:00,13288.79520479737
2025-08-12 06:30:00,13288.79520479737
2025-08-12 06:45:00,13288.79520479737
2025-08-12 07:00:00,13288.79520479737
2025-08-12 07:15:00,13288.79520479737
2025-08-12 07:30:00,13558.61157514271
2025-08-12 07:45:00,13423.025459391283
2025-08-12 08:00:00,12139.5436178603
2025-08-12 08:15:00,12018.148181681696
2025-08-12 08:30:00,11897.966699864879
2025-08-12 08:45:00,11897.966699864879
2025-08-12 09:00:00,11897.966699864879
2025-08-12 09:15:00,11897.966699864879
2025-08-12 09:30:00,11897.966699864879
2025-08-12 09:45:00,11897.966699864879
2025-08-12 10:00:00,11897.966699864879
2025-08-12 10:15:00,11897.966699864879
2025-08-12 10:30:00,11778.987032866231
2025-08-12 10:45:00,11778.987032866231
2025-08-12 11:00:00,11778.987032866231
2025-08-12 11:15:00,11778.987032866231
2025-08-12 11:30:00,11778.987032866231
2025-08-12 11:45:00,11544.585190912192
2025-08-12 12:00:00,11544.585190912192
2025-08-12 12:15:00,11544.585190912192
2025-08-12 12:30:00,11544.585190912192
2025-08-12 12:45:00,11544.585190912192
2025-08-12 13:00:00,11544.585190912192
2025-08-12 13:15:00,11544.585190912192
2025-08-12 13:30:00,11544.585190912192
2025-08-12 13:45:00,11544.585190912192
2025-08-12 14:00:00,11314.847945613039
2025-08-12 14:15:00,11314.847945613039
2025-08-12 14:30:00,11201.699466156908
2025-08-12 14:45:00,11089.682471495338
2025-08-12 15:00:00,10760.307812409455
2025-08-12 15:15:00,10652.70473428536
2025-08-12 15:30:00,10546.177686942507
2025-08-12 15:45:00,10546.177686942507
2025-08-12 16:00:00,10546.177686942507
2025-08-12 16:15:00,10546.177686942507
2025-08-12 16:30:00,10546.177686942507
2025-08-12 16:45:00,10546.177686942507
2025-08-12 17:00:00,10546.177686942507
2025-08-12 17:15:00,10546.177686942507
2025-08-12 17:30:00,10546.177686942507
2025-08-12 17:45:00,10546.177686942507
2025-08-12 18:00:00,10546.177686942507
2025-08-12 18:15:00,10546.177686942507
2025-08-12 18:30:00,10546.177686942507
2025-08-12 18:45:00,10546.177686942507
2025-08-12 19:00:00,10546.177686942507
2025-08-12 19:15:00,10546.177686942507
2025-08-12 19:30:00,10546.177686942507
2025-08-12 19:45:00,10546.177686942507
2025-08-12 20:00:00,10546.177686942507
2025-08-12 20:15:00,10546.177686942507
2025-08-12 20:30:00,10546.177686942507
2025-08-12 20:45:00,10546.177686942507
2025-08-12 21:00:00,10546.177686942507
2025-08-12 21:15:00,10546.177686942507
2025-08-12 21:30:00,10546.177686942507
2025-08-12 21:45:00,10546.177686942507
2025-08-12 22:00:00,10546.177686942507
2025-08-12 22:15:00,10546.177686942507
2025-08-12 22:30:00,10546.177686942507
2025-08-12 22:45:00,10546.177686942507
2025-08-12 23:00:00,10546.177686942507
2025-08-12 23:15:00,10546.177686942507
2025-08-12 23:30:00,10546.177686942507
2025-08-12 23:45:00,10546.177686942507
2025-08-13 01:00:00,10546.177686942507
2025-08-13 01:15:00,10546.177686942507
2025-08-13 01:30:00,10546.177686942507
2025-08-13 01:45:00,10546.177686942507
2025-08-13 02:00:00,10546.177686942507
2025-08-13 02:15:00,10546.177686942507
2025-08-13 02:30:00,10546.177686942507
2025-08-13 02:45:00,10546.177686942507
2025-08-13 03:00:00,10546.177686942507
2025-08-13 03:15:00,10546.177686942507
2025-08-13 03:30:00,10546.177686942507
2025-08-13 03:45:00,10546.177686942507
2025-08-13 04:00:00,10546.177686942507
2025-08-13 04:15:00,10546.177686942507
2025-08-13 04:30:00,10546.177686942507
2025-08-13 04:45:00,10546.177686942507
2025-08-13 05:00:00,10546.177686942507
2025-08-13 05:15:00,10546.177686942507
2025-08-13 05:30:00,10546.177686942507
2025-08-13 05:45:00,10546.177686942507
2025-08-13 06:00:00,10546.177686942507
2025-08-13 06:15:00,10546.177686942507
2025-08-13 06:30:00,10546.177686942507
2025-08-13 06:45:00,10546.177686942507
2025-08-13 07:00:00,10546.177686942507
2025-08-13 07:15:00,10546.177686942507
2025-08-13 07:30:00,10546.177686942507
2025-08-13 07:45:00,10546.177686942507
2025-08-13 08:00:00,10546.177686942507
2025-08-13 08:15:00,10546.177686942507
2025-08-13 08:30:00,10546.177686942507
2025-08-13 08:45:00,10546.177686942507
2025-08-13 09:00:00,10546.177686942507
2025-08-13 09:15:00,10546.177686942507
2025-08-13 09:30:00,10546.177686942507
2025-08-13 09:45:00,10546.177686942507
2025-08-13 10:00:00,10546.177686942507
2025-08-13 10:15:00,10546.177686942507
2025-08-13 10:30:00,10546.177686942507
2025-08-13 10:45:00,10546.177686942507
2025-08-13 11:00:00,10546.177686942507
2025-08-13 11:15:00,10546.177686942507
2025-08-13 11:30:00,10546.177686942507
2025-08-13 11:45:00,10546.177686942507
2025-08-13 12:00:00,10546.177686942507
2025-08-13 12:15:00,10546.177686942507
2025-08-13 12:30:00,10546.177686942507
2025-08-13 12:45:00,10546.177686942507
2025-08-13 13:00:00,10546.177686942507
2025-08-13 13:15:00,10546.177686942507
2025-08-13 13:30:00,10546.177686942507
2025-08-13 13:45:00,10546.177686942507
2025-08-13 14:00:00,10546.177686942507
2025-08-13 14:15:00,10546.177686942507
2025-08-13 14:30:00,10546.177686942507
2025-08-13 14:45:00,10546.177686942507
2025-08-13 15:00:00,10546.177686942507
2025-08-13 15:15:00,10546.177686942507
2025-08-13 15:30:00,10546.177686942507
2025-08-13 15:45:00,10546.177686942507
2025-08-13 16:00:00,10546.177686942507
2025-08-13 16:15:00,10546.177686942507
2025-08-13 16:30:00,10546.177686942507
2025-08-13 16:45:00,10546.177686942507
2025-08-13 17:00:00,10546.177686942507
2025-08-13 17:15:00,10546.177686942507
2025-08-13 17:30:00,10546.177686942507
2025-08-13 17:45:00,10546.177686942507
2025-08-13 18:00:00,10546.177686942507
2025-08-13 18:15:00,10546.177686942507
2025-08-13 18:30:00,10546.177686942507
2025-08-13 18:45:00,10546.177686942507
2025-08-13 19:00:00,10546.177686942507
2025-08-13 19:15:00,10546.177686942507
2025-08-13 19:30:00,10546.177686942507
2025-08-13 19:45:00,10546.177686942507
2025-08-13 20:00:00,10546.177686942507
2025-08-13 20:15:00,10546.177686942507
2025-08-13 20:30:00,10546.177686942507
2025-08-13 20:45:00,10546.177686942507
2025-08-13 21:00:00,10546.177686942507
2025-08-13 21:15:00,10546.177686942507
2025-08-13 21:30:00,10546.177686942507
2025-08-13 21:45:00,10546.177686942507
2025-08-13 22:00:00,10546.177686942507
2025-08-13 22:15:00,10546.177686942507
2025-08-13 22:30:00,10546.177686942507
2025-08-13 22:45:00,10546.177686942507
2025-08-13 23:00:00,10546.177686942507
2025-08-13 23:15:00,10546.177686942507
2025-08-13 23:30:00,10546.177686942507
2025-08-13 23:45:00,10546.177686942507
2025-08-14 01:00:00,10546.177686942507
2025-08-14 01:15:00,10546.177686942507
2025-08-14 01:30:00,10546.177686942507
2025-08-14 01:45:00,10546.177686942507
2025-08-14 02:00:00,10546.177686942507
2025-08-14 02:15:00,10546.177686942507
2025-08-14 02:30:00,10546.177686942507
2025-08-14 02:45:00,10546.177686942507
2025-08-14 03:00:00,10546.177686942507
2025-08-14 03:15:00,10546.177686942507
2025-08-14 03:30:00,10546.177686942507
2025-08-14 03:45:00,10546.177686942507
2025-08-14 04:00:00,10546.177686942507
2025-08-14 04:15:00,10546.177686942507
2025-08-14 04:30:00,10546.177686942507
2025-08-14 04:45:00,10546.177686942507
2025-08-14 05:00:00,10546.177686942507
2025-08-14 05:15:00,10546.177686942507
2025-08-14 05:30:00,10546.177686942507
2025-08-14 05:45:00,10546.177686942507
2025-08-14 06:00:00,10546.177686942507
2025-08-14 06:15:00,10546.177686942507
2025-08-14 06:30:00,10546.177686942507
2025-08-14 06:45:00,10546.177686942507
2025-08-14 07:00:00,10546.177686942507
2025-08-14 07:15:00,10546.177686942507
2025-08-14 07:30:00,10546.177686942507
2025-08-14 07:45:00,10546.177686942507
2025-08-14 08:00:00,10546.177686942507
2025-08-14 08:15:00,10546.177686942507
2025-08-14 08:30:00,10546.177686942507
2025-08-14 08:45:00,10546.177686942507
2025-08-14 09:00:00,10546.177686942507
2025-08-14 09:15:00,10546.177686942507
2025-08-14 09:30:00,10546.177686942507
2025-08-14 09:45:00,10546.177686942507
2025-08-14 10:00:00,10546.177686942507
2025-08-14 10:15:00,10546.177686942507
2025-08-14 10:30:00,10546.177686942507
2025-08-14 10:45:00,10546.177686942507
2025-08-14 11:00:00,10546.177686942507
2025-08-14 11:15:00,10546.177686942507
2025-08-14 11:30:00,10546.177686942507
2025-08-14 11:45:00,10546.177686942507
2025-08-14 12:00:00,10546.177686942507
2025-08-14 12:15:00,10546.177686942507
2025-08-14 12:30:00,10546.177686942507
2025-08-14 12:45:00,10546.177686942507
2025-08-14 13:00:00,10546.177686942507
2025-08-14 13:15:00,10546.177686942507
2025-08-14 13:30:00,10546.177686942507
2025-08-14 13:45:00,10546.177686942507
2025-08-14 14:00:00,10546.177686942507
2025-08-14 14:15:00,10546.177686942507
2025-08-14 14:30:00,10546.177686942507
2025-08-14 14:45:00,10546.177686942507
2025-08-14 15:00:00,10546.177686942507
2025-08-14 15:15:00,10546.177686942507
2025-08-14 15:30:00,10546.177686942507
2025-08-14 15:45:00,10546.177686942507
2025-08-14 16:00:00,10546.177686942507
2025-08-14 16:15:00,10546.177686942507
2025-08-14 16:30:00,10546.177686942507
2025-08-14 16:45:00,10546.177686942507
2025-08-14 17:00:00,10546.177686942507
2025-08-14 17:15:00,10546.177686942507
2025-08-14 17:30:00,10546.177686942507
2025-08-14 17:45:00,10546.177686942507
2025-08-14 18:00:00,10546.177686942507
2025-08-14 18:15:00,10546.177686942507
2025-08-14 18:30:00,10546.177686942507
2025-08-14 18:45:00,10546.177686942507
2025-08-14 19:00:00,10546.177686942507
2025-08-14 19:15:00,10546.177686942507
2025-08-14 19:30:00,10546.177686942507
2025-08-14 19:45:00,10546.177686942507
2025-08-14 20:00:00,10546.177686942507
2025-08-14 20:15:00,10546.177686942507
2025-08-14 20:30:00,10546.177686942507
2025-08-14 20:45:00,10546.177686942507
2025-08-14 21:00:00,10546.177686942507
2025-08-14 21:15:00,10546.177686942507
2025-08-14 21:30:00,10546.177686942507
2025-08-14 21:45:00,10546.177686942507
2025-08-14 22:00:00,10546.177686942507
2025-08-14 22:15:00,10546.177686942507
2025-08-14 22:30:00,10546.177686942507
2025-08-14 22:45:00,10546.177686942507
2025-08-14 23:00:00,10546.177686942507
2025-08-14 23:15:00,10546.177686942507
2025-08-14 23:30:00,10546.177686942507
2025-08-14 23:45:00,10546.177686942507
2025-08-15 01:00:00,10546.177686942507
2025-08-15 01:15:00,10546.177686942507
2025-08-15 01:30:00,10546.177686942507
2025-08-15 01:45:00,10546.177686942507
2025-08-15 02:00:00,10546.177686942507
2025-08-15 02:15:00,10546.177686942507
2025-08-15 02:30:00,10546.177686942507
2025-08-15 02:45:00,10546.177686942507
2025-08-15 03:00:00,10546.177686942507
2025-08-15 03:15:00,10546.177686942507
2025-08-15 03:30:00,10546.177686942507
2025-08-15 03:45:00,10546.177686942507
2025-08-15 04:00:00,10546.177686942507
2025-08-15 04:15:00,10546.177686942507
2025-08-15 04:30:00,10546.177686942507
2025-08-15 04:45:00,10546.177686942507
2025-08-15 05:00:00,10546.177686942507
2025-08-15 05:15:00,10546.177686942507
2025-08-15 05:30:00,10546.177686942507
2025-08-15 05:45:00,10546.177686942507
2025-08-15 06:00:00,10546.177686942507
2025-08-15 06:15:00,10546.177686942507
2025-08-15 06:30:00,10546.177686942507
2025-08-15 06:45:00,10546.177686942507
2025-08-15 07:00:00,10546.177686942507
2025-08-15 07:15:00,10546.177686942507
2025-08-15 07:30:00,10546.177686942507
2025-08-15 07:45:00,10546.177686942507
2025-08-15 08:00:00,10546.177686942507
2025-08-15 08:15:00,10546.177686942507
2025-08-15 08:30:00,10546.177686942507
2025-08-15 08:45:00,10546.177686942507
2025-08-15 09:00:00,10546.177686942507
2025-08-15 09:15:00,10546.177686942507
2025-08-15 09:30:00,10546.177686942507
2025-08-15 09:45:00,10546.177686942507
2025-08-15 10:00:00,10546.177686942507
2025-08-15 10:15:00,10546.177686942507
2025-08-15 10:30:00,10546.177686942507
2025-08-15 10:45:00,10546.177686942507
2025-08-15 11:00:00,10546.177686942507
2025-08-15 11:15:00,10546.177686942507
2025-08-15 11:30:00,10546.177686942507
2025-08-15 11:45:00,10546.177686942507
2025-08-15 12:00:00,10546.177686942507
2025-08-15 12:15:00,10546.177686942507
2025-08-15 12:30:00,10546.177686942507
2025-08-15 12:45:00,10546.177686942507
2025-08-15 13:00:00,10546.177686942507
2025-08-15 13:15:00,10546.177686942507
2025-08-15 13:30:00,10546.177686942507
2025-08-15 13:45:00,10546.177686942507
2025-08-15 14:00:00,10546.177686942507
2025-08-15 14:15:00,10546.177686942507
2025-08-15 14:30:00,10546.177686942507
2025-08-15 14:45:00,10546.177686942507
2025-08-15 15:00:00,10546.177686942507
2025-08-15 15:15:00,10546.177686942507
2025-08-15 15:30:00,10546.177686942507
2025-08-15 15:45:00,10546.177686942507
2025-08-15 16:00:00,10546.177686942507
2025-08-15 16:15:00,10546.177686942507
2025-08-15 16:30:00,10546.177686942507
2025-08-15 16:45:00,10546.177686942507
2025-08-15 17:00:00,10546.177686942507
2025-08-15 17:15:00,10546.177686942507
2025-08-15 17:30:00,10546.177686942507
2025-08-15 17:45:00,10546.177686942507
2025-08-15 18:00:00,10546.177686942507
2025-08-15 18:15:00,10546.177686942507
2025-08-15 18:30:00,10546.177686942507
2025-08-15 18:45:00,10546.177686942507
2025-08-15 19:00:00,10546.177686942507
2025-08-15 19:15:00,10546.177686942507
2025-08-15 19:30:00,10546.177686942507
2025-08-15 19:45:00,10546.177686942507
2025-08-15 20:00:00,10546.177686942507
2025-08-15 20:15:00,10546.177686942507
2025-08-15 20:30:00,10546.177686942507
2025-08-15 20:45:00,10546.177686942507
2025-08-15 21:00:00,10546.177686942507
2025-08-15 21:15:00,10546.177686942507
2025-08-15 21:30:00,10546.177686942507
2025-08-15 21:45:00,10546.177686942507
2025-08-15 22:00:00,10546.177686942507
2025-08-15 22:15:00,10546.177686942507
2025-08-15 22:30:00,10546.177686942507
2025-08-15 22:45:00,10546.177686942507
2025-08-15 23:00:00,10546.177686942507
2025-08-15 23:15:00,10546.177686942507
2025-08-15 23:30:00,10546.177686942507
2025-08-15 23:45:00,10546.177686942507
2025-08-18 01:00:00,10546.177686942507
2025-08-18 01:15:00,10546.177686942507
2025-08-18 01:30:00,10546.177686942507
2025-08-18 01:45:00,10546.177686942507
2025-08-18 02:00:00,10546.177686942507
2025-08-18 02:15:00,10546.177686942507
2025-08-18 02:30:00,10546.177686942507
2025-08-18 02:45:00,10546.177686942507
2025-08-18 03:00:00,10546.177686942507
2025-08-18 03:15:00,10546.177686942507
2025-08-18 03:30:00,10546.177686942507
2025-08-18 03:45:00,10546.177686942507
2025-08-18 04:00:00,10546.177686942507
2025-08-18 04:15:00,10546.177686942507
2025-08-18 04:30:00,10546.177686942507
2025-08-18 04:45:00,10546.177686942507
2025-08-18 05:00:00,10546.177686942507
2025-08-18 05:15:00,10546.177686942507
2025-08-18 05:30:00,10546.177686942507
2025-08-18 05:45:00,10546.177686942507
2025-08-18 06:00:00,10546.177686942507
2025-08-18 06:15:00,10546.177686942507
2025-08-18 06:30:00,10546.177686942507
2025-08-18 06:45:00,10546.177686942507
2025-08-18 07:00:00,10546.177686942507
2025-08-18 07:15:00,10546.177686942507
2025-08-18 07:30:00,10546.177686942507
2025-08-18 07:45:00,10546.177686942507
2025-08-18 08:00:00,10546.177686942507
2025-08-18 08:15:00,10546.177686942507
2025-08-18 08:30:00,10546.177686942507
2025-08-18 08:45:00,10546.177686942507
2025-08-18 09:00:00,10546.177686942507
2025-08-18 09:15:00,10546.177686942507
2025-08-18 09:30:00,10546.177686942507
2025-08-18 09:45:00,10546.177686942507
2025-08-18 10:00:00,10546.177686942507
2025-08-18 10:15:00,10546.177686942507
2025-08-18 10:30:00,10546.177686942507
2025-08-18 10:45:00,10546.177686942507
2025-08-18 11:00:00,10546.177686942507
2025-08-18 11:15:00,10546.177686942507
2025-08-18 11:30:00,10546.177686942507
2025-08-18 11:45:00,10546.177686942507
2025-08-18 12:00:00,10546.177686942507
2025-08-18 12:15:00,10546.177686942507
2025-08-18 12:30:00,10546.177686942507
2025-08-18 12:45:00,10546.177686942507
2025-08-18 13:00:00,10546.177686942507
2025-08-18 13:15:00,10546.177686942507
2025-08-18 13:30:00,10546.177686942507
2025-08-18 13:45:00,10546.177686942507
2025-08-18 14:00:00,10546.177686942507
2025-08-18 14:15:00,10546.177686942507
2025-08-18 14:30:00,10546.177686942507
2025-08-18 14:45:00,10546.177686942507
2025-08-18 15:00:00,10546.177686942507
2025-08-18 15:15:00,10546.177686942507
2025-08-18 15:30:00,10546.177686942507
2025-08-18 15:45:00,10546.177686942507
2025-08-18 16:00:00,10546.177686942507
2025-08-18 16:15:00,10546.177686942507
2025-08-18 16:30:00,10546.177686942507
2025-08-18 16:45:00,10546.177686942507
2025-08-18 17:00:00,10546.177686942507
2025-08-18 17:15:00,10546.177686942507
2025-08-18 17:30:00,10546.177686942507
2025-08-18 17:45:00,10546.177686942507
2025-08-18 18:00:00,10546.177686942507
2025-08-18 18:15:00,10546.177686942507
2025-08-18 18:30:00,10546.177686942507
2025-08-18 18:45:00,10546.177686942507
2025-08-18 19:00:00,10546.177686942507
2025-08-18 19:15:00,10546.177686942507
2025-08-18 19:30:00,10546.177686942507
2025-08-18 19:45:00,10546.177686942507
2025-08-18 20:00:00,10546.177686942507
2025-08-18 20:15:00,10546.177686942507
2025-08-18 20:30:00,10546.177686942507
2025-08-18 20:45:00,10546.177686942507
2025-08-18 21:00:00,10546.177686942507
2025-08-18 21:15:00,10546.177686942507
2025-08-18 21:30:00,10546.177686942507
2025-08-18 21:45:00,10546.177686942507
2025-08-18 22:00:00,10546.177686942507
2025-08-18 22:15:00,10546.177686942507
2025-08-18 22:30:00,10546.177686942507
2025-08-18 22:45:00,10546.177686942507
2025-08-18 23:00:00,10546.177686942507
2025-08-18 23:15:00,10546.177686942507
2025-08-18 23:30:00,10546.177686942507
2025-08-18 23:45:00,10546.177686942507
2025-08-19 01:00:00,10546.177686942507
2025-08-19 01:15:00,10546.177686942507
2025-08-19 01:30:00,10546.177686942507
2025-08-19 01:45:00,10546.177686942507
2025-08-19 02:00:00,10546.177686942507
2025-08-19 02:15:00,10546.177686942507
2025-08-19 02:30:00,10546.177686942507
2025-08-19 02:45:00,10546.177686942507
2025-08-19 03:00:00,10546.177686942507
2025-08-19 03:15:00,10546.177686942507
2025-08-19 03:30:00,10546.177686942507
2025-08-19 03:45:00,10546.177686942507
2025-08-19 04:00:00,10546.177686942507
2025-08-19 04:15:00,10546.177686942507
2025-08-19 04:30:00,10546.177686942507
2025-08-19 04:45:00,10546.177686942507
2025-08-19 05:00:00,10546.177686942507
2025-08-19 05:15:00,10546.177686942507
2025-08-19 05:30:00,10546.177686942507
2025-08-19 05:45:00,10546.177686942507
2025-08-19 06:00:00,10546.177686942507
2025-08-19 06:15:00,10546.177686942507
2025-08-19 06:30:00,10546.177686942507
2025-08-19 06:45:00,10546.177686942507
2025-08-19 07:00:00,10546.177686942507
2025-08-19 07:15:00,10546.177686942507
2025-08-19 07:30:00,10546.177686942507
2025-08-19 07:45:00,10546.177686942507
2025-08-19 08:00:00,10546.177686942507
2025-08-19 08:15:00,10546.177686942507
2025-08-19 08:30:00,10546.177686942507
2025-08-19 08:45:00,10546.177686942507
2025-08-19 09:00:00,10546.177686942507
2025-08-19 09:15:00,10546.177686942507
2025-08-19 09:30:00,10546.177686942507
2025-08-19 09:45:00,10546.177686942507
2025-08-19 10:00:00,10546.177686942507
2025-08-19 10:15:00,10546.177686942507
2025-08-19 10:30:00,10546.177686942507
2025-08-19 10:45:00,10546.177686942507
2025-08-19 11:00:00,10546.177686942507
2025-08-19 11:15:00,10546.177686942507
2025-08-19 11:30:00,10546.177686942507
2025-08-19 11:45:00,10546.177686942507
2025-08-19 12:00:00,10546.177686942507
2025-08-19 12:15:00,10546.177686942507
2025-08-19 12:30:00,10546.177686942507
2025-08-19 12:45:00,10546.177686942507
2025-08-19 13:00:00,10546.177686942507
2025-08-19 13:15:00,10546.177686942507
2025-08-19 13:30:00,10546.177686942507
2025-08-19 13:45:00,10546.177686942507
2025-08-19 14:00:00,10546.177686942507
2025-08-19 14:15:00,10546.177686942507
2025-08-19 14:30:00,10546.177686942507
2025-08-19 14:45:00,10546.177686942507
2025-08-19 15:00:00,10546.177686942507
2025-08-19 15:15:00,10546.177686942507
2025-08-19 15:30:00,10546.177686942507
2025-08-19 15:45:00,10546.177686942507
2025-08-19 16:00:00,10546.177686942507
2025-08-19 16:15:00,10546.177686942507
2025-08-19 16:30:00,10546.177686942507
2025-08-19 16:45:00,10546.177686942507
2025-08-19 17:00:00,10546.177686942507
2025-08-19 17:15:00,10546.177686942507
2025-08-19 17:30:00,10546.177686942507
2025-08-19 17:45:00,10546.177686942507
2025-08-19 18:00:00,10546.177686942507
2025-08-19 18:15:00,10546.177686942507
2025-08-19 18:30:00,10546.177686942507
2025-08-19 18:45:00,10546.177686942507
2025-08-19 19:00:00,10546.177686942507
2025-08-19 19:15:00,10546.177686942507
2025-08-19 19:30:00,10546.177686942507
2025-08-19 19:45:00,10546.177686942507
2025-08-19 20:00:00,10546.177686942507
2025-08-19 20:15:00,10546.177686942507
2025-08-19 20:30:00,10546.177686942507
2025-08-19 20:45:00,10546.177686942507
2025-08-19 21:00:00,10546.177686942507
2025-08-19 21:15:00,10546.177686942507
2025-08-19 21:30:00,10546.177686942507
2025-08-19 21:45:00,10546.177686942507
2025-08-19 22:00:00,10546.177686942507
2025-08-19 22:15:00,10546.177686942507
2025-08-19 22:30:00,10546.177686942507
2025-08-19 22:45:00,10546.177686942507
2025-08-19 23:00:00,10546.177686942507
2025-08-19 23:15:00,10546.177686942507
2025-08-19 23:30:00,10546.177686942507
2025-08-19 23:45:00,10546.177686942507
2025-08-20 01:00:00,10546.177686942507
2025-08-20 01:15:00,10546.177686942507
2025-08-20 01:30:00,10546.177686942507
2025-08-20 01:45:00,10546.177686942507
2025-08-20 02:00:00,10546.177686942507
2025-08-20 02:15:00,10546.177686942507
2025-08-20 02:30:00,10546.177686942507
2025-08-20 02:45:00,10546.177686942507
2025-08-20 03:00:00,10546.177686942507
2025-08-20 03:15:00,10546.177686942507
2025-08-20 03:30:00,10546.177686942507
2025-08-20 03:45:00,10546.177686942507
2025-08-20 04:00:00,10546.177686942507
2025-08-20 04:15:00,10546.177686942507
2025-08-20 04:30:00,10546.177686942507
2025-08-20 04:45:00,10546.177686942507
2025-08-20 05:00:00,10546.177686942507
2025-08-20 05:15:00,10546.177686942507
2025-08-20 05:30:00,10546.177686942507
2025-08-20 05:45:00,10546.177686942507
2025-08-20 06:00:00,10546.177686942507
2025-08-20 06:15:00,10546.177686942507
2025-08-20 06:30:00,10546.177686942507
2025-08-20 06:45:00,10546.177686942507
2025-08-20 07:00:00,10546.177686942507
2025-08-20 07:15:00,10546.177686942507
2025-08-20 07:30:00,10546.177686942507
2025-08-20 07:45:00,10546.177686942507
2025-08-20 08:00:00,10546.177686942507
2025-08-20 08:15:00,10546.177686942507
2025-08-20 08:30:00,10546.177686942507
2025-08-20 08:45:00,10546.177686942507
2025-08-20 09:00:00,10546.177686942507
2025-08-20 09:15:00,10546.177686942507
2025-08-20 09:30:00,10546.177686942507
2025-08-20 09:45:00,10546.177686942507
2025-08-20 10:00:00,10546.177686942507
2025-08-20 10:15:00,10546.177686942507
2025-08-20 10:30:00,10546.177686942507
2025-08-20 10:45:00,10546.177686942507
2025-08-20 11:00:00,10546.177686942507
2025-08-20 11:15:00,10546.177686942507
2025-08-20 11:30:00,10546.177686942507
2025-08-20 11:45:00,10546.177686942507
2025-08-20 12:00:00,10546.177686942507
2025-08-20 12:15:00,10546.177686942507
2025-08-20 12:30:00,10546.177686942507
2025-08-20 12:45:00,10546.177686942507
2025-08-20 13:00:00,10546.177686942507
2025-08-20 13:15:00,10546.177686942507
2025-08-20 13:30:00,10546.177686942507
2025-08-20 13:45:00,10546.177686942507
2025-08-20 14:00:00,10546.177686942507
2025-08-20 14:15:00,10546.177686942507
2025-08-20 14:30:00,10546.177686942507
2025-08-20 14:45:00,10546.177686942507
2025-08-20 15:00:00,10546.177686942507
2025-08-20 15:15:00,10546.177686942507
2025-08-20 15:30:00,10546.177686942507
2025-08-20 15:45:00,10546.177686942507
2025-08-20 16:00:00,10546.177686942507
2025-08-20 16:15:00,10546.177686942507
2025-08-20 16:30:00,10546.177686942507
2025-08-20 16:45:00,10546.177686942507
2025-08-20 17:00:00,10546.177686942507
2025-08-20 17:15:00,10546.177686942507
2025-08-20 17:30:00,10546.177686942507
2025-08-20 17:45:00,10546.177686942507
2025-08-20 18:00:00,10546.177686942507
2025-08-20 18:15:00,10546.177686942507
2025-08-20 18:30:00,10546.177686942507
2025-08-20 18:45:00,10546.177686942507
2025-08-20 19:00:00,10546.177686942507
2025-08-20 19:15:00,10546.177686942507
2025-08-20 19:30:00,10546.177686942507
2025-08-20 19:45:00,10546.177686942507
2025-08-20 20:00:00,10546.177686942507
2025-08-20 20:15:00,10546.177686942507
2025-08-20 20:30:00,10546.177686942507
2025-08-20 20:45:00,10546.177686942507
2025-08-20 21:00:00,10546.177686942507
2025-08-20 21:15:00,10546.177686942507
2025-08-20 21:30:00,10546.177686942507
2025-08-20 21:45:00,10546.177686942507
2025-08-20 22:00:00,10546.177686942507
2025-08-20 22:15:00,10546.177686942507
2025-08-20 22:30:00,10546.177686942507
2025-08-20 22:45:00,10546.177686942507
2025-08-20 23:00:00,10546.177686942507
2025-08-20 23:15:00,10546.177686942507
2025-08-20 23:30:00,10546.177686942507
2025-08-20 23:45:00,10546.177686942507
2025-08-21 01:00:00,10546.177686942507
2025-08-21 01:15:00,10546.177686942507
2025-08-21 01:30:00,10546.177686942507
2025-08-21 01:45:00,10546.177686942507
2025-08-21 02:00:00,10546.177686942507
2025-08-21 02:15:00,10546.177686942507
2025-08-21 02:30:00,10546.177686942507
2025-08-21 02:45:00,10546.177686942507
2025-08-21 03:00:00,10546.177686942507
2025-08-21 03:15:00,10546.177686942507
2025-08-21 03:30:00,10546.177686942507
2025-08-21 03:45:00,10546.177686942507
2025-08-21 04:00:00,10546.177686942507
2025-08-21 04:15:00,10546.177686942507
2025-08-21 04:30:00,10546.177686942507
2025-08-21 04:45:00,10546.177686942507
2025-08-21 05:00:00,10546.177686942507
2025-08-21 05:15:00,10546.177686942507
2025-08-21 05:30:00,10546.177686942507
2025-08-21 05:45:00,10546.177686942507
2025-08-21 06:00:00,10546.177686942507
2025-08-21 06:15:00,10546.177686942507
2025-08-21 06:30:00,10546.177686942507
2025-08-21 06:45:00,10546.177686942507
2025-08-21 07:00:00,10546.177686942507
2025-08-21 07:15:00,10546.177686942507
2025-08-21 07:30:00,10546.177686942507
2025-08-21 07:45:00,10546.177686942507
2025-08-21 08:00:00,10546.177686942507
2025-08-21 08:15:00,10546.177686942507
2025-08-21 08:30:00,10546.177686942507
2025-08-21 08:45:00,10546.177686942507
2025-08-21 09:00:00,10546.177686942507
2025-08-21 09:15:00,10546.177686942507
2025-08-21 09:30:00,10546.177686942507
2025-08-21 09:45:00,10546.177686942507
2025-08-21 10:00:00,10546.177686942507
2025-08-21 10:15:00,10546.177686942507
2025-08-21 10:30:00,10546.177686942507
2025-08-21 10:45:00,10546.177686942507
2025-08-21 11:00:00,10546.177686942507
2025-08-21 11:15:00,10546.177686942507
2025-08-21 11:30:00,10546.177686942507
2025-08-21 11:45:00,10546.177686942507
2025-08-21 12:00:00,10546.177686942507
2025-08-21 12:15:00,10546.177686942507
2025-08-21 12:30:00,10546.177686942507
2025-08-21 12:45:00,10546.177686942507
2025-08-21 13:00:00,10546.177686942507
2025-08-21 13:15:00,10546.177686942507
2025-08-21 13:30:00,10546.177686942507
2025-08-21 13:45:00,10546.177686942507
2025-08-21 14:00:00,10546.177686942507
2025-08-21 14:15:00,10546.177686942507
2025-08-21 14:30:00,10546.177686942507
2025-08-21 14:45:00,10546.177686942507
2025-08-21 15:00:00,10546.177686942507
2025-08-21 15:15:00,10546.177686942507
2025-08-21 15:30:00,10546.177686942507
2025-08-21 15:45:00,10546.177686942507
2025-08-21 16:00:00,10546.177686942507
2025-08-21 16:15:00,10546.177686942507
2025-08-21 16:30:00,10546.177686942507
2025-08-21 16:45:00,10546.177686942507
2025-08-21 17:00:00,10546.177686942507
2025-08-21 17:15:00,10546.177686942507
2025-08-21 17:30:00,10546.177686942507
2025-08-21 17:45:00,10546.177686942507
2025-08-21 18:00:00,10546.177686942507
2025-08-21 18:15:00,10546.177686942507
2025-08-21 18:30:00,10546.177686942507
2025-08-21 18:45:00,10546.177686942507
2025-08-21 19:00:00,10546.177686942507
2025-08-21 19:15:00,10546.177686942507
2025-08-21 19:30:00,10546.177686942507
2025-08-21 19:45:00,10546.177686942507
2025-08-21 20:00:00,10546.177686942507
2025-08-21 20:15:00,10546.177686942507
2025-08-21 20:30:00,10546.177686942507
2025-08-21 20:45:00,10546.177686942507
2025-08-21 21:00:00,10546.177686942507
2025-08-21 21:15:00,10546.177686942507
2025-08-21 21:30:00,10546.177686942507
2025-08-21 21:45:00,10546.177686942507
2025-08-21 22:00:00,10546.177686942507
2025-08-21 22:15:00,10546.177686942507
2025-08-21 22:30:00,10546.177686942507
2025-08-21 22:45:00,10546.177686942507
2025-08-21 23:00:00,10546.177686942507
2025-08-21 23:15:00,10546.177686942507
2025-08-21 23:30:00,10546.177686942507
2025-08-21 23:45:00,10546.177686942507
2025-08-22 01:00:00,10546.177686942507
2025-08-22 01:15:00,10546.177686942507
2025-08-22 01:30:00,10546.177686942507
2025-08-22 01:45:00,10546.177686942507
2025-08-22 02:00:00,10546.177686942507
2025-08-22 02:15:00,10546.177686942507
2025-08-22 02:30:00,10546.177686942507
2025-08-22 02:45:00,10546.177686942507
2025-08-22 03:00:00,10546.177686942507
2025-08-22 03:15:00,10546.177686942507
2025-08-22 03:30:00,10546.177686942507
2025-08-22 03:45:00,10546.177686942507
2025-08-22 04:00:00,10546.177686942507
2025-08-22 04:15:00,10546.177686942507
2025-08-22 04:30:00,10546.177686942507
2025-08-22 04:45:00,10546.177686942507
2025-08-22 05:00:00,10546.177686942507
2025-08-22 05:15:00,10546.177686942507
2025-08-22 05:30:00,10546.177686942507
2025-08-22 05:45:00,10546.177686942507
2025-08-22 06:00:00,10546.177686942507
2025-08-22 06:15:00,10546.177686942507
2025-08-22 06:30:00,10546.177686942507
2025-08-22 06:45:00,10546.177686942507
2025-08-22 07:00:00,10546.177686942507
2025-08-22 07:15:00,10546.177686942507
2025-08-22 07:30:00,10546.177686942507
2025-08-22 07:45:00,10546.177686942507
2025-08-22 08:00:00,10546.177686942507
2025-08-22 08:15:00,10546.177686942507
2025-08-22 08:30:00,10546.177686942507
2025-08-22 08:45:00,10546.177686942507
2025-08-22 09:00:00,10546.177686942507
2025-08-22 09:15:00,10546.177686942507
2025-08-22 09:30:00,10546.177686942507
2025-08-22 09:45:00,10546.177686942507
2025-08-22 10:00:00,10546.177686942507
2025-08-22 10:15:00,10546.177686942507
2025-08-22 10:30:00,10546.177686942507
2025-08-22 10:45:00,10546.177686942507
2025-08-22 11:00:00,10546.177686942507
2025-08-22 11:15:00,10546.177686942507
2025-08-22 11:30:00,10546.177686942507
2025-08-22 11:45:00,10546.177686942507
2025-08-22 12:00:00,10546.177686942507
2025-08-22 12:15:00,10546.177686942507
2025-08-22 12:30:00,10546.177686942507
2025-08-22 12:45:00,10546.177686942507
2025-08-22 13:00:00,10546.177686942507
2025-08-22 13:15:00,10546.177686942507
2025-08-22 13:30:00,10546.177686942507
2025-08-22 13:45:00,10546.177686942507
2025-08-22 14:00:00,10546.177686942507
2025-08-22 14:15:00,10546.177686942507
2025-08-22 14:30:00,10546.177686942507
2025-08-22 14:45:00,10546.177686942507
2025-08-22 15:00:00,10546.177686942507
2025-08-22 15:15:00,10546.177686942507
2025-08-22 15:30:00,10546.177686942507
2025-08-22 15:45:00,10546.177686942507
2025-08-22 16:00:00,10546.177686942507
2025-08-22 16:15:00,10546.177686942507
2025-08-22 16:30:00,10546.177686942507
2025-08-22 16:45:00,10546.177686942507
2025-08-22 17:00:00,10546.177686942507
2025-08-22 17:15:00,10546.177686942507
2025-08-22 17:30:00,10546.177686942507
2025-08-22 17:45:00,10546.177686942507
2025-08-22 18:00:00,10546.177686942507
2025-08-22 18:15:00,10546.177686942507
2025-08-22 18:30:00,10546.177686942507
2025-08-22 18:45:00,10546.177686942507
2025-08-22 19:00:00,10546.177686942507
2025-08-22 19:15:00,10546.177686942507
2025-08-22 19:30:00,10546.177686942507
2025-08-22 19:45:00,10546.177686942507
2025-08-22 20:00:00,10546.177686942507
2025-08-22 20:15:00,10546.177686942507
2025-08-22 20:30:00,10546.177686942507
2025-08-22 20:45:00,10546.177686942507
2025-08-22 21:00:00,10546.177686942507
2025-08-22 21:15:00,10546.177686942507
2025-08-22 21:30:00,10546.177686942507
2025-08-22 21:45:00,10546.177686942507
2025-08-22 22:00:00,10546.177686942507
2025-08-22 22:15:00,10546.177686942507
2025-08-22 22:30:00,10546.177686942507
2025-08-22 22:45:00,10546.177686942507
2025-08-22 23:00:00,10546.177686942507
2025-08-22 23:15:00,10546.177686942507
2025-08-22 23:30:00,10546.177686942507
2025-08-22 23:45:00,10546.177686942507
2025-08-25 01:00:00,10546.177686942507
2025-08-25 01:15:00,10546.177686942507
2025-08-25 01:30:00,10546.177686942507
2025-08-25 01:45:00,10546.177686942507
2025-08-25 02:00:00,10546.177686942507
2025-08-25 02:15:00,10546.177686942507
2025-08-25 02:30:00,10546.177686942507
2025-08-25 02:45:00,10546.177686942507
2025-08-25 03:00:00,10546.177686942507
2025-08-25 03:15:00,10546.177686942507
2025-08-25 03:30:00,10546.177686942507
2025-08-25 03:45:00,10546.177686942507
2025-08-25 04:00:00,10546.177686942507
2025-08-25 04:15:00,10546.177686942507
2025-08-25 04:30:00,10546.177686942507
2025-08-25 04:45:00,10546.177686942507
2025-08-25 05:00:00,10546.177686942507
2025-08-25 05:15:00,10546.177686942507
2025-08-25 05:30:00,10546.177686942507
2025-08-25 05:45:00,10546.177686942507
2025-08-25 06:00:00,10546.177686942507
2025-08-25 06:15:00,10546.177686942507
2025-08-25 06:30:00,10546.177686942507
2025-08-25 06:45:00,10546.177686942507
2025-08-25 07:00:00,10546.177686942507
2025-08-25 07:15:00,10546.177686942507
2025-08-25 07:30:00,10546.177686942507
2025-08-25 07:45:00,10546.177686942507
2025-08-25 08:00:00,10546.177686942507
2025-08-25 08:15:00,10546.177686942507
2025-08-25 08:30:00,10546.177686942507
2025-08-25 08:45:00,10546.177686942507
2025-08-25 09:00:00,10546.177686942507
2025-08-25 09:15:00,10546.177686942507
2025-08-25 09:30:00,10546.177686942507
2025-08-25 09:45:00,10546.177686942507
2025-08-25 10:00:00,10546.177686942507
2025-08-25 10:15:00,10546.177686942507
2025-08-25 10:30:00,10546.177686942507
2025-08-25 10:45:00,10546.177686942507
2025-08-25 11:00:00,10546.177686942507
2025-08-25 11:15:00,10546.177686942507
2025-08-25 11:30:00,10546.177686942507
2025-08-25 11:45:00,10546.177686942507
2025-08-25 12:00:00,10546.177686942507
2025-08-25 12:15:00,10546.177686942507
2025-08-25 12:30:00,10546.177686942507
2025-08-25 12:45:00,10546.177686942507
2025-08-25 13:00:00,10546.177686942507
2025-08-25 13:15:00,10546.177686942507
2025-08-25 13:30:00,10546.177686942507
2025-08-25 13:45:00,10546.177686942507
2025-08-25 14:00:00,10546.177686942507
2025-08-25 14:15:00,10546.177686942507
2025-08-25 14:30:00,10546.177686942507
2025-08-25 14:45:00,10546.177686942507
2025-08-25 15:00:00,10546.177686942507
2025-08-25 15:15:00,10546.177686942507
2025-08-25 15:30:00,10546.177686942507
2025-08-25 15:45:00,10546.177686942507
2025-08-25 16:00:00,10546.177686942507
2025-08-25 16:15:00,10546.177686942507
2025-08-25 16:30:00,10546.177686942507
2025-08-25 16:45:00,10546.177686942507
2025-08-25 17:00:00,10546.177686942507
2025-08-25 17:15:00,10546.177686942507
2025-08-25 17:30:00,10546.177686942507
2025-08-25 17:45:00,10546.177686942507
2025-08-25 18:00:00,10546.177686942507
2025-08-25 18:15:00,10546.177686942507
2025-08-25 18:30:00,10546.177686942507
2025-08-25 18:45:00,10546.177686942507
2025-08-25 19:00:00,10546.177686942507
2025-08-25 19:15:00,10546.177686942507
2025-08-25 19:30:00,10546.177686942507
2025-08-25 19:45:00,10546.177686942507
2025-08-25 20:00:00,10546.177686942507
2025-08-25 20:15:00,10546.177686942507
2025-08-25 20:30:00,10546.177686942507
2025-08-25 20:45:00,10546.177686942507
2025-08-25 21:00:00,10546.177686942507
2025-08-25 21:15:00,10546.177686942507
2025-08-25 21:30:00,10546.177686942507
2025-08-25 21:45:00,10546.177686942507
2025-08-25 22:00:00,10546.177686942507
2025-08-25 22:15:00,10546.177686942507
2025-08-25 22:30:00,10546.177686942507
2025-08-25 22:45:00,10546.177686942507
2025-08-25 23:00:00,10546.177686942507
2025-08-25 23:15:00,10546.177686942507
2025-08-25 23:30:00,10546.177686942507
2025-08-25 23:45:00,10546.177686942507
2025-08-26 01:00:00,10546.177686942507
2025-08-26 01:15:00,10546.177686942507
2025-08-26 01:30:00,10546.177686942507
2025-08-26 01:45:00,10546.177686942507
2025-08-26 02:00:00,10546.177686942507
2025-08-26 02:15:00,10546.177686942507
2025-08-26 02:30:00,10546.177686942507
2025-08-26 02:45:00,10546.177686942507
2025-08-26 03:00:00,10546.177686942507
2025-08-26 03:15:00,10546.177686942507
2025-08-26 03:30:00,10546.177686942507
2025-08-26 03:45:00,10546.177686942507
2025-08-26 04:00:00,10546.177686942507
2025-08-26 04:15:00,10546.177686942507
2025-08-26 04:30:00,10546.177686942507
2025-08-26 04:45:00,10546.177686942507
2025-08-26 05:00:00,10546.177686942507
2025-08-26 05:15:00,10546.177686942507
2025-08-26 05:30:00,10546.177686942507
2025-08-26 05:45:00,10546.177686942507
2025-08-26 06:00:00,10546.177686942507
2025-08-26 06:15:00,10546.177686942507
2025-08-26 06:30:00,10546.177686942507
2025-08-26 06:45:00,10546.177686942507
2025-08-26 07:00:00,10546.177686942507
2025-08-26 07:15:00,10546.177686942507
2025-08-26 07:30:00,10546.177686942507
2025-08-26 07:45:00,10546.177686942507
2025-08-26 08:00:00,10546.177686942507
2025-08-26 08:15:00,10546.177686942507
2025-08-26 08:30:00,10546.177686942507
2025-08-26 08:45:00,10546.177686942507
2025-08-26 09:00:00,10546.177686942507
2025-08-26 09:15:00,10546.177686942507
2025-08-26 09:30:00,10546.177686942507
2025-08-26 09:45:00,10546.177686942507
2025-08-26 10:00:00,10546.177686942507
2025-08-26 10:15:00,10546.177686942507
2025-08-26 10:30:00,10546.177686942507
2025-08-26 10:45:00,10546.177686942507
2025-08-26 11:00:00,10546.177686942507
2025-08-26 11:15:00,10546.177686942507
2025-08-26 11:30:00,10546.177686942507
2025-08-26 11:45:00,10546.177686942507
2025-08-26 12:00:00,10546.177686942507
2025-08-26 12:15:00,10546.177686942507
2025-08-26 12:30:00,10546.177686942507
2025-08-26 12:45:00,10546.177686942507
2025-08-26 13:00:00,10546.177686942507
2025-08-26 13:15:00,10546.177686942507
2025-08-26 13:30:00,10546.177686942507
2025-08-26 13:45:00,10546.177686942507
2025-08-26 14:00:00,10546.177686942507
2025-08-26 14:15:00,10546.177686942507
2025-08-26 14:30:00,10546.177686942507
2025-08-26 14:45:00,10546.177686942507
2025-08-26 15:00:00,10546.177686942507
2025-08-26 15:15:00,10546.177686942507
2025-08-26 15:30:00,10546.177686942507
2025-08-26 15:45:00,10546.177686942507
2025-08-26 16:00:00,10546.177686942507
2025-08-26 16:15:00,10546.177686942507
2025-08-26 16:30:00,10546.177686942507
2025-08-26 16:45:00,10546.177686942507
2025-08-26 17:00:00,10546.177686942507
2025-08-26 17:15:00,10546.177686942507
2025-08-26 17:30:00,10546.177686942507
2025-08-26 17:45:00,10546.177686942507
2025-08-26 18:00:00,10546.177686942507
2025-08-26 18:15:00,10546.177686942507
2025-08-26 18:30:00,10546.177686942507
2025-08-26 18:45:00,10546.177686942507
2025-08-26 19:00:00,10546.177686942507
2025-08-26 19:15:00,10546.177686942507
2025-08-26 19:30:00,10546.177686942507
2025-08-26 19:45:00,10546.177686942507
2025-08-26 20:00:00,10546.177686942507
2025-08-26 20:15:00,10546.177686942507
2025-08-26 20:30:00,10546.177686942507
2025-08-26 20:45:00,10546.177686942507
2025-08-26 21:00:00,10546.177686942507
2025-08-26 21:15:00,10546.177686942507
2025-08-26 21:30:00,10546.177686942507
2025-08-26 21:45:00,10546.177686942507
2025-08-26 22:00:00,10546.177686942507
2025-08-26 22:15:00,10546.177686942507
2025-08-26 22:30:00,10546.177686942507
2025-08-26 22:45:00,10546.177686942507
2025-08-26 23:00:00,10546.177686942507
2025-08-26 23:15:00,10546.177686942507
2025-08-26 23:30:00,10546.177686942507
2025-08-26 23:45:00,10546.177686942507
2025-08-27 01:00:00,10546.177686942507
2025-08-27 01:15:00,10546.177686942507
2025-08-27 01:30:00,10546.177686942507
2025-08-27 01:45:00,10546.177686942507
2025-08-27 02:00:00,10546.177686942507
2025-08-27 02:15:00,10546.177686942507
2025-08-27 02:30:00,10546.177686942507
2025-08-27 02:45:00,10546.177686942507
2025-08-27 03:00:00,10546.177686942507
2025-08-27 03:15:00,10546.177686942507
2025-08-27 03:30:00,10546.177686942507
2025-08-27 03:45:00,10546.177686942507
2025-08-27 04:00:00,10546.177686942507
2025-08-27 04:15:00,10546.177686942507
2025-08-27 04:30:00,10546.177686942507
2025-08-27 04:45:00,10546.177686942507
2025-08-27 05:00:00,10546.177686942507
2025-08-27 05:15:00,10546.177686942507
2025-08-27 05:30:00,10546.177686942507
2025-08-27 05:45:00,10546.177686942507
2025-08-27 06:00:00,10546.177686942507
2025-08-27 06:15:00,10546.177686942507
2025-08-27 06:30:00,10546.177686942507
2025-08-27 06:45:00,10546.177686942507
2025-08-27 07:00:00,10546.177686942507
2025-08-27 07:15:00,10546.177686942507
2025-08-27 07:30:00,10546.177686942507
2025-08-27 07:45:00,10546.177686942507
2025-08-27 08:00:00,10546.177686942507
2025-08-27 08:15:00,10546.177686942507
2025-08-27 08:30:00,10546.177686942507
2025-08-27 08:45:00,10546.177686942507
2025-08-27 09:00:00,10546.177686942507
2025-08-27 09:15:00,10546.177686942507
2025-08-27 09:30:00,10546.177686942507
2025-08-27 09:45:00,10546.177686942507
2025-08-27 10:00:00,10546.177686942507
2025-08-27 10:15:00,10546.177686942507
2025-08-27 10:30:00,10546.177686942507
2025-08-27 10:45:00,10546.177686942507
2025-08-27 11:00:00,10546.177686942507
2025-08-27 11:15:00,10546.177686942507
2025-08-27 11:30:00,10546.177686942507
2025-08-27 11:45:00,10546.177686942507
2025-08-27 12:00:00,10546.177686942507
2025-08-27 12:15:00,10546.177686942507
2025-08-27 12:30:00,10546.177686942507
2025-08-27 12:45:00,10546.177686942507
2025-08-27 13:00:00,10546.177686942507
2025-08-27 13:15:00,10546.177686942507
2025-08-27 13:30:00,10546.177686942507
2025-08-27 13:45:00,10546.177686942507
2025-08-27 14:00:00,10546.177686942507
2025-08-27 14:15:00,10546.177686942507
2025-08-27 14:30:00,10546.177686942507
2025-08-27 14:45:00,10546.177686942507
2025-08-27 15:00:00,10546.177686942507
2025-08-27 15:15:00,10546.177686942507
2025-08-27 15:30:00,10546.177686942507
2025-08-27 15:45:00,10546.177686942507
2025-08-27 16:00:00,10546.177686942507
2025-08-27 16:15:00,10546.177686942507
2025-08-27 16:30:00,10546.177686942507
2025-08-27 16:45:00,10546.177686942507
2025-08-27 17:00:00,10546.177686942507
2025-08-27 17:15:00,10546.177686942507
2025-08-27 17:30:00,10546.177686942507
2025-08-27 17:45:00,10546.177686942507
2025-08-27 18:00:00,10546.177686942507
2025-08-27 18:15:00,10546.177686942507
2025-08-27 18:30:00,10546.177686942507
2025-08-27 18:45:00,10546.177686942507
2025-08-27 19:00:00,10546.177686942507
2025-08-27 19:15:00,10546.177686942507
2025-08-27 19:30:00,10546.177686942507
2025-08-27 19:45:00,10546.177686942507
2025-08-27 20:00:00,10546.177686942507
2025-08-27 20:15:00,10546.177686942507
2025-08-27 20:30:00,10546.177686942507
2025-08-27 20:45:00,10546.177686942507
2025-08-27 21:00:00,10546.177686942507
2025-08-27 21:15:00,10546.177686942507
2025-08-27 21:30:00,10546.177686942507
2025-08-27 21:45:00,10546.177686942507
2025-08-27 22:00:00,10546.177686942507
2025-08-27 22:15:00,10546.177686942507
2025-08-27 22:30:00,10546.177686942507
2025-08-27 22:45:00,10546.177686942507
2025-08-27 23:00:00,10546.177686942507
2025-08-27 23:15:00,10546.177686942507
2025-08-27 23:30:00,10546.177686942507
2025-08-27 23:45:00,10546.177686942507
2025-08-28 01:00:00,10546.177686942507
2025-08-28 01:15:00,10546.177686942507
2025-08-28 01:30:00,10546.177686942507
2025-08-28 01:45:00,10546.177686942507
2025-08-28 02:00:00,10546.177686942507
2025-08-28 02:15:00,10546.177686942507
2025-08-28 02:30:00,10546.177686942507
2025-08-28 02:45:00,10546.177686942507
2025-08-28 03:00:00,10546.177686942507
2025-08-28 03:15:00,10546.177686942507
2025-08-28 03:30:00,10546.177686942507
2025-08-28 03:45:00,10546.177686942507
2025-08-28 04:00:00,10546.177686942507
2025-08-28 04:15:00,10546.177686942507
2025-08-28 04:30:00,10546.177686942507
2025-08-28 04:45:00,10546.177686942507
2025-08-28 05:00:00,10546.177686942507
2025-08-28 05:15:00,10546.177686942507
2025-08-28 05:30:00,10546.177686942507
2025-08-28 05:45:00,10546.177686942507
2025-08-28 06:00:00,10546.177686942507
2025-08-28 06:15:00,10546.177686942507
2025-08-28 06:30:00,10546.177686942507
2025-08-28 06:45:00,10546.177686942507
2025-08-28 07:00:00,10546.177686942507
2025-08-28 07:15:00,10546.177686942507
2025-08-28 07:30:00,10546.177686942507
2025-08-28 07:45:00,10546.177686942507
2025-08-28 08:00:00,10546.177686942507
2025-08-28 08:15:00,10546.177686942507
2025-08-28 08:30:00,10546.177686942507
2025-08-28 08:45:00,10546.177686942507
2025-08-28 09:00:00,10546.177686942507
2025-08-28 09:15:00,10546.177686942507
2025-08-28 09:30:00,10546.177686942507
2025-08-28 09:45:00,10546.177686942507
2025-08-28 10:00:00,10546.177686942507
2025-08-28 10:15:00,10546.177686942507
2025-08-28 10:30:00,10546.177686942507
2025-08-28 10:45:00,10546.177686942507
2025-08-28 11:00:00,10546.177686942507
2025-08-28 11:15:00,10546.177686942507
2025-08-28 11:30:00,10546.177686942507
2025-08-28 11:45:00,10546.177686942507
2025-08-28 12:00:00,10546.177686942507
2025-08-28 12:15:00,10546.177686942507
2025-08-28 12:30:00,10546.177686942507
2025-08-28 12:45:00,10546.177686942507
2025-08-28 13:00:00,10546.177686942507
2025-08-28 13:15:00,10546.177686942507
2025-08-28 13:30:00,10546.177686942507
2025-08-28 13:45:00,10546.177686942507
2025-08-28 14:00:00,10546.177686942507
2025-08-28 14:15:00,10546.177686942507
2025-08-28 14:30:00,10546.177686942507
2025-08-28 14:45:00,10546.177686942507
2025-08-28 15:00:00,10546.177686942507
2025-08-28 15:15:00,10546.177686942507
2025-08-28 15:30:00,10546.177686942507
2025-08-28 15:45:00,10546.177686942507
2025-08-28 16:00:00,10546.177686942507
2025-08-28 16:15:00,10546.177686942507
2025-08-28 16:30:00,10546.177686942507
2025-08-28 16:45:00,10546.177686942507
2025-08-28 17:00:00,10546.177686942507
2025-08-28 17:15:00,10546.177686942507
2025-08-28 17:30:00,10546.177686942507
2025-08-28 17:45:00,10546.177686942507
2025-08-28 18:00:00,10546.177686942507
2025-08-28 18:15:00,10546.177686942507
2025-08-28 18:30:00,10546.177686942507
2025-08-28 18:45:00,10546.177686942507
2025-08-28 19:00:00,10546.177686942507
2025-08-28 19:15:00,10546.177686942507
2025-08-28 19:30:00,10546.177686942507
2025-08-28 19:45:00,10546.177686942507
2025-08-28 20:00:00,10546.177686942507
2025-08-28 20:15:00,10546.177686942507
2025-08-28 20:30:00,10546.177686942507
2025-08-28 20:45:00,10546.177686942507
2025-08-28 21:00:00,10546.177686942507
2025-08-28 21:15:00,10546.177686942507
2025-08-28 21:30:00,10546.177686942507
2025-08-28 21:45:00,10546.177686942507
2025-08-28 22:00:00,10546.177686942507
2025-08-28 22:15:00,10546.177686942507
2025-08-28 22:30:00,10546.177686942507
2025-08-28 22:45:00,10546.177686942507
2025-08-28 23:00:00,10546.177686942507
2025-08-28 23:15:00,10546.177686942507
2025-08-28 23:30:00,10546.177686942507
2025-08-28 23:45:00,10546.177686942507
2025-08-29 01:00:00,10546.177686942507
2025-08-29 01:15:00,10546.177686942507
2025-08-29 01:30:00,10546.177686942507
2025-08-29 01:45:00,10546.177686942507
2025-08-29 02:00:00,10546.177686942507
2025-08-29 02:15:00,10546.177686942507
2025-08-29 02:30:00,10546.177686942507
2025-08-29 02:45:00,10546.177686942507
2025-08-29 03:00:00,10546.177686942507
2025-08-29 03:15:00,10546.177686942507
2025-08-29 03:30:00,10546.177686942507
2025-08-29 03:45:00,10546.177686942507
2025-08-29 04:00:00,10546.177686942507
2025-08-29 04:15:00,10546.177686942507
2025-08-29 04:30:00,10546.177686942507
2025-08-29 04:45:00,10546.177686942507
2025-08-29 05:00:00,10546.177686942507
2025-08-29 05:15:00,10546.177686942507
2025-08-29 05:30:00,10546.177686942507
2025-08-29 05:45:00,10546.177686942507
2025-08-29 06:00:00,10546.177686942507
2025-08-29 06:15:00,10546.177686942507
2025-08-29 06:30:00,10546.177686942507
2025-08-29 06:45:00,10546.177686942507
2025-08-29 07:00:00,10546.177686942507
2025-08-29 07:15:00,10546.177686942507
2025-08-29 07:30:00,10546.177686942507
2025-08-29 07:45:00,10546.177686942507
2025-08-29 08:00:00,10546.177686942507
2025-08-29 08:15:00,10546.177686942507
2025-08-29 08:30:00,10546.177686942507
2025-08-29 08:45:00,10546.177686942507
2025-08-29 09:00:00,10546.177686942507
2025-08-29 09:15:00,10546.177686942507
2025-08-29 09:30:00,10546.177686942507
2025-08-29 09:45:00,10546.177686942507
2025-08-29 10:00:00,10546.177686942507
2025-08-29 10:15:00,10546.177686942507
2025-08-29 10:30:00,10546.177686942507
2025-08-29 10:45:00,10546.177686942507
2025-08-29 11:00:00,10546.177686942507
2025-08-29 11:15:00,10546.177686942507
2025-08-29 11:30:00,10546.177686942507
2025-08-29 11:45:00,10546.177686942507
2025-08-29 12:00:00,10546.177686942507
2025-08-29 12:15:00,10546.177686942507
2025-08-29 12:30:00,10546.177686942507
2025-08-29 12:45:00,10546.177686942507
2025-08-29 13:00:00,10546.177686942507
2025-08-29 13:15:00,10546.177686942507
2025-08-29 13:30:00,10546.177686942507
2025-08-29 13:45:00,10546.177686942507
2025-08-29 14:00:00,10546.177686942507
2025-08-29 14:15:00,10546.177686942507
2025-08-29 14:30:00,10546.177686942507
2025-08-29 14:45:00,10546.177686942507
2025-08-29 15:00:00,10546.177686942507
2025-08-29 15:15:00,10546.177686942507
2025-08-29 15:30:00,10546.177686942507
2025-08-29 15:45:00,10546.177686942507
2025-08-29 16:00:00,10546.177686942507
2025-08-29 16:15:00,10546.177686942507
2025-08-29 16:30:00,10546.177686942507
2025-08-29 16:45:00,10546.177686942507
2025-08-29 17:00:00,10546.177686942507
2025-08-29 17:15:00,10546.177686942507
2025-08-29 17:30:00,10546.177686942507
2025-08-29 17:45:00,10546.177686942507
2025-08-29 18:00:00,10546.177686942507
2025-08-29 18:15:00,10546.177686942507
2025-08-29 18:30:00,10546.177686942507
2025-08-29 18:45:00,10546.177686942507
2025-08-29 19:00:00,10546.177686942507
2025-08-29 19:15:00,10546.177686942507
2025-08-29 19:30:00,10546.177686942507
2025-08-29 19:45:00,10546.177686942507
2025-08-29 20:00:00,10546.177686942507
2025-08-29 20:15:00,10546.177686942507
2025-08-29 20:30:00,10546.177686942507
2025-08-29 20:45:00,10546.177686942507
2025-08-29 21:00:00,10546.177686942507
2025-08-29 21:15:00,10546.177686942507
2025-08-29 21:30:00,10546.177686942507
2025-08-29 21:45:00,10546.177686942507
2025-08-29 22:00:00,10546.177686942507
2025-08-29 22:15:00,10546.177686942507
2025-08-29 22:30:00,10546.177686942507
2025-08-29 22:45:00,10546.177686942507
2025-08-29 23:00:00,10546.177686942507
2025-08-29 23:15:00,10546.177686942507
2025-08-29 23:30:00,10546.177686942507
2025-08-29 23:45:00,10546.177686942507
2025-09-01 01:00:00,10546.177686942507
2025-09-01 01:15:00,10546.177686942507
2025-09-01 01:30:00,10546.177686942507
2025-09-01 01:45:00,10546.177686942507
2025-09-01 02:00:00,10546.177686942507
2025-09-01 02:15:00,10546.177686942507
2025-09-01 02:30:00,10546.177686942507
2025-09-01 02:45:00,10546.177686942507
2025-09-01 03:00:00,10546.177686942507
2025-09-01 03:15:00,10546.177686942507
2025-09-01 03:30:00,10546.177686942507
2025-09-01 03:45:00,10546.177686942507
2025-09-01 04:00:00,10546.177686942507
2025-09-01 04:15:00,10546.177686942507
2025-09-01 04:30:00,10546.177686942507
2025-09-01 04:45:00,10546.177686942507
2025-09-01 05:00:00,10546.177686942507
2025-09-01 05:15:00,10546.177686942507
2025-09-01 05:30:00,10546.177686942507
2025-09-01 05:45:00,10546.177686942507
2025-09-01 06:00:00,10546.177686942507
2025-09-01 06:15:00,10546.177686942507
2025-09-01 06:30:00,10546.177686942507
2025-09-01 06:45:00,10546.177686942507
2025-09-01 07:00:00,10546.177686942507
2025-09-01 07:15:00,10546.177686942507
2025-09-01 07:30:00,10546.177686942507
2025-09-01 07:45:00,10546.177686942507
2025-09-01 08:00:00,10546.177686942507
2025-09-01 08:15:00,10546.177686942507
2025-09-01 08:30:00,10546.177686942507
2025-09-01 08:45:00,10546.177686942507
2025-09-01 09:00:00,10546.177686942507
2025-09-01 09:15:00,10546.177686942507
2025-09-01 09:30:00,10546.177686942507
2025-09-01 09:45:00,10546.177686942507
2025-09-01 10:00:00,10546.177686942507
2025-09-01 10:15:00,10546.177686942507
2025-09-01 10:30:00,10546.177686942507
2025-09-01 10:45:00,10546.177686942507
2025-09-01 11:00:00,10546.177686942507
2025-09-01 11:15:00,10546.177686942507
2025-09-01 11:30:00,10546.177686942507
2025-09-01 11:45:00,10546.177686942507
2025-09-01 12:00:00,10546.177686942507
2025-09-01 12:15:00,10546.177686942507
2025-09-01 12:30:00,10546.177686942507
2025-09-01 12:45:00,10546.177686942507
2025-09-01 13:00:00,10546.177686942507
2025-09-01 13:15:00,10546.177686942507
2025-09-01 13:30:00,10546.177686942507
2025-09-01 13:45:00,10546.177686942507
2025-09-01 14:00:00,10546.177686942507
2025-09-01 14:15:00,10546.177686942507
2025-09-01 14:30:00,10546.177686942507
2025-09-01 14:45:00,10546.177686942507
2025-09-01 15:00:00,10546.177686942507
2025-09-01 15:15:00,10546.177686942507
2025-09-01 15:30:00,10546.177686942507
2025-09-01 15:45:00,10546.177686942507
2025-09-01 16:00:00,10546.177686942507
2025-09-01 16:15:00,10546.177686942507
2025-09-01 16:30:00,10546.177686942507
2025-09-01 16:45:00,10546.177686942507
2025-09-01 17:00:00,10546.177686942507
2025-09-01 17:15:00,10546.177686942507
2025-09-01 17:30:00,10546.177686942507
2025-09-01 17:45:00,10546.177686942507
2025-09-01 18:00:00,10546.177686942507
2025-09-01 18:15:00,10546.177686942507
2025-09-01 18:30:00,10546.177686942507
2025-09-01 18:45:00,10546.177686942507
2025-09-01 19:00:00,10546.177686942507
2025-09-01 19:15:00,10546.177686942507
2025-09-01 19:30:00,10546.177686942507
2025-09-01 19:45:00,10546.177686942507
2025-09-01 20:00:00,10546.177686942507
2025-09-02 01:00:00,10546.177686942507
2025-09-02 01:15:00,10546.177686942507
2025-09-02 01:30:00,10546.177686942507
2025-09-02 01:45:00,10546.177686942507
2025-09-02 02:00:00,10546.177686942507
2025-09-02 02:15:00,10546.177686942507
